Component_ID,Lot_ID,True_Class,Anomaly_Score,IF_Prediction,Predicted_Anomaly
C28-051,L28,NORMAL,-0.12366735206354196,1,0
C39-057,L39,LATENT_DEFECT,0.0656229749476549,-1,1
C35-033,L35,NORMAL,-0.1252383713164582,1,0
C31-046,L31,NORMAL,-0.0849480304279212,1,0
C08-010,L08,NORMAL,-0.08475944893449294,1,0
C38-042,L38,NORMAL,-0.10719103697592036,1,0
C28-067,L28,NORMAL,-0.13609686726099562,1,0
C28-082,L28,NORMAL,-0.10218682778183463,1,0
C22-088,L22,NORMAL,-0.10192477487772084,1,0
C08-026,L08,NORMAL,-0.07521863926352734,1,0
C28-048,L28,NORMAL,-0.12668584137120958,1,0
C43-021,L43,NORMAL,-0.13075249771116576,1,0
C46-076,L46,NORMAL,-0.051546831719749386,1,0
C17-088,L17,NORMAL,-0.11124015705935109,1,0
C11-058,L11,NORMAL,-0.1074833082843607,1,0
C17-056,L17,NORMAL,-0.09642613174011017,1,0
C19-043,L19,NORMAL,-0.10536845128338385,1,0
C26-060,L26,NORMAL,-0.09176227754439631,1,0
C48-035,L48,NORMAL,-0.12931969483925565,1,0
C40-061,L40,NORMAL,-0.12336393234437454,1,0
C05-085,L05,LATENT_DEFECT,0.03770147829597159,-1,1
C31-072,L31,NORMAL,-0.11200224956466048,1,0
C08-015,L08,NORMAL,-0.06298788850958592,1,0
C27-002,L27,NORMAL,-0.13326292635934534,1,0
C21-095,L21,NORMAL,-0.08644013805961748,1,0
C25-037,L25,NORMAL,-0.0771595861463471,1,0
C16-094,L16,NORMAL,-0.13572123189649093,1,0
C08-047,L08,NORMAL,-0.05530399597072255,1,0
C28-015,L28,NORMAL,-0.11638136497107637,1,0
C50-090,L50,NORMAL,-0.025527954831317035,1,0
C46-088,L46,NORMAL,-0.07633352604276522,1,0
C31-022,L31,NORMAL,-0.07700940930816869,1,0
C38-051,L38,NORMAL,-0.10834199224214586,1,0
C18-090,L18,NORMAL,-0.11399367937372362,1,0
C47-098,L47,NORMAL,-0.10589742078913383,1,0
C45-078,L45,NORMAL,-0.08380956825400893,1,0
C05-071,L05,NORMAL,-0.08830508028173978,1,0
C05-080,L05,NORMAL,-0.09140065503911476,1,0
C16-013,L16,NORMAL,-0.12020885820247856,1,0
C35-041,L35,NORMAL,-0.10017911047344252,1,0
C27-052,L27,NORMAL,-0.1305342410786346,1,0
C45-064,L45,NORMAL,-0.09238478805726574,1,0
C18-040,L18,NORMAL,-0.13409388618728585,1,0
C32-091,L32,NORMAL,-0.13756085699269105,1,0
C32-072,L32,NORMAL,-0.13084010786051664,1,0
C04-027,L04,NORMAL,-0.11358506291551468,1,0
C31-023,L31,NORMAL,-0.08562982671868463,1,0
C30-060,L30,NORMAL,-0.10617844405382598,1,0
C16-081,L16,LATENT_DEFECT,0.04480452549298819,-1,1
C04-033,L04,NORMAL,-0.09894323244224468,1,0
C04-071,L04,NORMAL,-0.10630191157298075,1,0
C08-023,L08,NORMAL,-0.0639271536561421,1,0
C42-088,L42,NORMAL,-0.08199129589209725,1,0
C47-058,L47,NORMAL,-0.11685522114944741,1,0
C21-072,L21,NORMAL,-0.08361637176617676,1,0
C04-052,L04,NORMAL,-0.07093687988578978,1,0
C26-021,L26,NORMAL,-0.09677730459376588,1,0
C10-031,L10,NORMAL,-0.11921554542814372,1,0
C39-085,L39,NORMAL,-0.10437147013047704,1,0
C29-018,L29,NORMAL,-0.08331324814227031,1,0
C46-010,L46,NORMAL,-0.09342433836348923,1,0
C21-081,L21,NORMAL,-0.08661850938437404,1,0
C11-055,L11,NORMAL,-0.1127126867280629,1,0
C05-045,L05,NORMAL,-0.07167562145938577,1,0
C30-023,L30,NORMAL,-0.11439511692009924,1,0
C46-024,L46,NORMAL,-0.052394833876859004,1,0
C05-097,L05,NORMAL,-0.0672505090579687,1,0
C28-078,L28,LATENT_DEFECT,-0.017685473188123635,1,0
C17-091,L17,NORMAL,-0.1061808626940341,1,0
C42-076,L42,NORMAL,-0.09799300459090365,1,0
C42-089,L42,LATENT_DEFECT,-0.004825833636307453,1,0
C17-047,L17,NORMAL,-0.0997182274359984,1,0
C10-015,L10,NORMAL,-0.1291715374014804,1,0
C26-033,L26,OBVIOUS_FAILURE,0.09702316365883368,-1,1
C19-006,L19,NORMAL,-0.09271616712725628,1,0
C35-003,L35,NORMAL,-0.08178278157863611,1,0
C47-047,L47,NORMAL,-0.09016630338307657,1,0
C40-027,L40,NORMAL,-0.11485059074787485,1,0
C50-099,L50,NORMAL,-0.08897748594424254,1,0
C30-009,L30,LATENT_DEFECT,0.03384824526031438,-1,1
C45-076,L45,NORMAL,-0.09803976043952306,1,0
C45-035,L45,NORMAL,-0.09561612354216892,1,0
C47-078,L47,NORMAL,-0.11128775404360003,1,0
C48-026,L48,NORMAL,-0.09058631553364815,1,0
C44-096,L44,NORMAL,-0.10386700355028672,1,0
C42-021,L42,NORMAL,-0.09219214221352401,1,0
C21-053,L21,NORMAL,-0.09813339279141015,1,0
C43-045,L43,NORMAL,-0.11248768717341823,1,0
C06-071,L06,NORMAL,-0.07843142513131368,1,0
C05-040,L05,NORMAL,-0.09373998039371512,1,0
C32-009,L32,NORMAL,-0.13667194986504805,1,0
C50-079,L50,LATENT_DEFECT,0.08631444180269354,-1,1
C16-077,L16,NORMAL,-0.1377791970460051,1,0
C42-054,L42,NORMAL,-0.07995707250693951,1,0
C48-014,L48,NORMAL,-0.12396230929041835,1,0
C41-023,L41,NORMAL,-0.1285180162677022,1,0
C06-092,L06,NORMAL,-0.0816844241572891,1,0
C24-043,L24,NORMAL,-0.11280586304183104,1,0
C29-055,L29,NORMAL,-0.08407553571802534,1,0
C11-100,L11,NORMAL,-0.09668937725251159,1,0
C06-030,L06,NORMAL,-0.0856766289408985,1,0
C39-040,L39,LATENT_DEFECT,-0.0002952196854524858,1,0
C26-008,L26,NORMAL,-0.10379560623917217,1,0
C22-052,L22,NORMAL,-0.08355697269050544,1,0
C10-011,L10,NORMAL,-0.09865812881551889,1,0
C06-004,L06,NORMAL,-0.10578553287159564,1,0
C46-068,L46,NORMAL,-0.10205230295162393,1,0
C45-070,L45,NORMAL,-0.06878755529056496,1,0
C16-003,L16,LATENT_DEFECT,0.0432359762557083,-1,1
C05-035,L05,NORMAL,-0.045292983458015856,1,0
C04-053,L04,LATENT_DEFECT,0.02507421746816707,-1,1
C11-007,L11,NORMAL,-0.10512357395797534,1,0
C24-011,L24,LATENT_DEFECT,0.0201508653504493,-1,1
C19-026,L19,NORMAL,-0.09950168302299345,1,0
C32-092,L32,NORMAL,-0.11692805394193717,1,0
C11-045,L11,NORMAL,-0.0828360596815862,1,0
C46-054,L46,NORMAL,-0.11171496136588072,1,0
C11-079,L11,NORMAL,-0.1025911518937554,1,0
C41-070,L41,NORMAL,-0.13020215326180362,1,0
C28-033,L28,NORMAL,-0.11903299974730286,1,0
C18-039,L18,NORMAL,-0.13447742799418194,1,0
C42-042,L42,NORMAL,-0.09468030558914792,1,0
C48-030,L48,NORMAL,-0.11558953757253587,1,0
C22-089,L22,NORMAL,-0.09511194637249776,1,0
C16-006,L16,NORMAL,-0.130762942369806,1,0
C18-070,L18,NORMAL,-0.12460792376526042,1,0
C32-024,L32,NORMAL,-0.1132113372305506,1,0
C29-007,L29,NORMAL,-0.05466254606279958,1,0
C16-092,L16,NORMAL,-0.11149802665212205,1,0
C04-077,L04,NORMAL,-0.05198484919108698,1,0
C31-052,L31,NORMAL,-0.11340582002662619,1,0
C06-012,L06,NORMAL,-0.07998137233515218,1,0
C04-018,L04,NORMAL,-0.08434560029905236,1,0
C45-011,L45,NORMAL,-0.09964688546219835,1,0
C32-094,L32,LATENT_DEFECT,0.01480708111161011,-1,1
C39-010,L39,OBVIOUS_FAILURE,0.16231462733632984,-1,1
C48-016,L48,NORMAL,-0.09152390149893186,1,0
C46-069,L46,NORMAL,-0.0674309957164429,1,0
C11-095,L11,NORMAL,-0.09288013029667286,1,0
C10-003,L10,NORMAL,-0.10779083990116017,1,0
C24-035,L24,NORMAL,-0.09856425684008174,1,0
C45-051,L45,NORMAL,-0.1194614375938492,1,0
C32-100,L32,LATENT_DEFECT,-0.015046984992853285,1,0
C27-084,L27,NORMAL,-0.13060994077098548,1,0
C40-035,L40,NORMAL,-0.14145261614940857,1,0
C42-023,L42,NORMAL,-0.09836490000744924,1,0
C38-057,L38,NORMAL,-0.12866242083870533,1,0
C19-070,L19,NORMAL,-0.07613479629437009,1,0
C26-100,L26,NORMAL,-0.11601069189208468,1,0
C08-059,L08,NORMAL,-0.08882208514594364,1,0
C05-093,L05,NORMAL,-0.056538470107706296,1,0
C38-093,L38,NORMAL,-0.11936470421738404,1,0
C33-012,L33,NORMAL,-0.1190589063692104,1,0
C19-027,L19,NORMAL,-0.08219711414273329,1,0
C43-024,L43,NORMAL,-0.11655910698521105,1,0
C22-064,L22,NORMAL,-0.08342126606232542,1,0
C05-084,L05,NORMAL,-0.06613099634279807,1,0
C30-062,L30,NORMAL,-0.10315378519808116,1,0
C04-031,L04,OBVIOUS_FAILURE,0.18835255046244415,-1,1
C30-072,L30,NORMAL,-0.1266564181074653,1,0
C41-063,L41,NORMAL,-0.11759268512848042,1,0
C44-093,L44,NORMAL,-0.07815487915343516,1,0
C08-016,L08,NORMAL,-0.06395718622575836,1,0
C41-057,L41,NORMAL,-0.12206062499036763,1,0
C21-056,L21,NORMAL,-0.08605692983261165,1,0
C18-043,L18,NORMAL,-0.11577245516101031,1,0
C26-047,L26,OBVIOUS_FAILURE,0.14829010148753696,-1,1
C39-062,L39,NORMAL,-0.10580465833469493,1,0
C39-100,L39,NORMAL,-0.07232133136167507,1,0
C27-007,L27,NORMAL,-0.12395997497774108,1,0
C29-022,L29,NORMAL,-0.07119986232319275,1,0
C16-080,L16,NORMAL,-0.09165076429575181,1,0
C10-064,L10,LATENT_DEFECT,0.014992980357259711,-1,1
C21-048,L21,NORMAL,-0.08371564823072686,1,0
C30-001,L30,NORMAL,-0.09329471986209248,1,0
C46-051,L46,OBVIOUS_FAILURE,0.12804830104375287,-1,1
C19-050,L19,NORMAL,-0.10946709109972913,1,0
C41-001,L41,LATENT_DEFECT,0.019960904393360623,-1,1
C18-041,L18,NORMAL,-0.12528944340599862,1,0
C48-018,L48,NORMAL,-0.11831739989438178,1,0
C50-022,L50,LATENT_DEFECT,0.06717854285647717,-1,1
C21-045,L21,NORMAL,-0.10069597490724552,1,0
C04-034,L04,NORMAL,-0.0889486332649782,1,0
C05-067,L05,NORMAL,-0.09565070050410501,1,0
C26-075,L26,NORMAL,-0.07858611349373579,1,0
C18-018,L18,NORMAL,-0.14068152177553428,1,0
C21-092,L21,NORMAL,-0.07339190716205712,1,0
C27-053,L27,NORMAL,-0.10002175350974357,1,0
C28-001,L28,NORMAL,-0.1057992139598386,1,0
C43-093,L43,NORMAL,-0.1049217928703347,1,0
C38-035,L38,NORMAL,-0.10299459520839671,1,0
C41-012,L41,NORMAL,-0.13091701229686975,1,0
C47-082,L47,NORMAL,-0.10253873530642199,1,0
C22-075,L22,NORMAL,-0.0975172350492951,1,0
C33-049,L33,NORMAL,-0.07820329870333986,1,0
C50-060,L50,NORMAL,-0.09158136251460292,1,0
C39-079,L39,NORMAL,-0.09869231277095891,1,0
C28-022,L28,NORMAL,-0.1183155160279209,1,0
C24-090,L24,NORMAL,-0.0915678026100385,1,0
C24-005,L24,NORMAL,-0.09411982826217818,1,0
C21-012,L21,NORMAL,-0.0862317431749699,1,0
C05-095,L05,NORMAL,-0.09865731086560675,1,0
C28-057,L28,NORMAL,-0.09988314503523033,1,0
C25-096,L25,NORMAL,-0.058558207269797435,1,0
C06-090,L06,NORMAL,-0.104795191482776,1,0
C43-005,L43,NORMAL,-0.12201913381505614,1,0
C44-069,L44,NORMAL,-0.12089768401084067,1,0
C50-041,L50,NORMAL,-0.0914379844624309,1,0
C46-008,L46,LATENT_DEFECT,0.013141781271894581,-1,1
C39-064,L39,NORMAL,-0.07820161175500046,1,0
C38-095,L38,NORMAL,-0.11512638689336341,1,0
C10-033,L10,NORMAL,-0.1323341964925101,1,0
C46-070,L46,NORMAL,-0.07881086714063673,1,0
C47-022,L47,NORMAL,-0.09545242698827539,1,0
C50-063,L50,NORMAL,-0.09599609512499202,1,0
C50-036,L50,NORMAL,-0.07431863212226825,1,0
C25-035,L25,NORMAL,-0.08094070564246147,1,0
C42-071,L42,NORMAL,-0.0835356655110398,1,0
C43-056,L43,NORMAL,-0.13326194389926055,1,0
C40-013,L40,NORMAL,-0.12363523388575132,1,0
C25-023,L25,NORMAL,-0.08043037614088572,1,0
C18-082,L18,NORMAL,-0.10990298499492085,1,0
C06-080,L06,NORMAL,-0.1072716044268211,1,0
C19-100,L19,NORMAL,-0.11319862328672126,1,0
C43-061,L43,NORMAL,-0.11003535835924416,1,0
C31-066,L31,OBVIOUS_FAILURE,0.22293160525251143,-1,1
C48-078,L48,NORMAL,-0.1243453227011389,1,0
C22-015,L22,LATENT_DEFECT,0.0633949027094941,-1,1
C29-081,L29,NORMAL,-0.1036091744508334,1,0
C30-006,L30,NORMAL,-0.12853274336483428,1,0
C39-048,L39,NORMAL,-0.11735590728047085,1,0
C27-088,L27,NORMAL,-0.13959169406147526,1,0
C19-008,L19,NORMAL,-0.11779226763612022,1,0
C48-050,L48,NORMAL,-0.10287469426589502,1,0
C19-065,L19,NORMAL,-0.12374842005124059,1,0
C29-066,L29,NORMAL,-0.07481514610700357,1,0
C26-012,L26,NORMAL,-0.09441515151158114,1,0
C30-014,L30,NORMAL,-0.11350572940729392,1,0
C04-081,L04,NORMAL,-0.08588683036181866,1,0
C17-043,L17,NORMAL,-0.09447530905480267,1,0
C11-068,L11,NORMAL,-0.1077562475769791,1,0
C04-094,L04,NORMAL,-0.08189551779040549,1,0
C19-079,L19,NORMAL,-0.1312225133330711,1,0
C42-055,L42,NORMAL,-0.04807470443399231,1,0
C29-057,L29,NORMAL,-0.09304560511404447,1,0
C29-021,L29,NORMAL,-0.08306811298348904,1,0
C32-017,L32,NORMAL,-0.12032414113400886,1,0
C18-006,L18,NORMAL,-0.11822780501823243,1,0
C45-048,L45,NORMAL,-0.11781228212001843,1,0
C27-094,L27,NORMAL,-0.12646424687178343,1,0
C24-096,L24,NORMAL,-0.084897838621317,1,0
C46-097,L46,NORMAL,-0.11564584368143327,1,0
C29-053,L29,NORMAL,-0.10780743567825729,1,0
C06-099,L06,LATENT_DEFECT,-0.004757912659841934,1,0
C16-058,L16,NORMAL,-0.11675867807598722,1,0
C27-099,L27,NORMAL,-0.13824619318915587,1,0
C44-074,L44,NORMAL,-0.12718031267235186,1,0
C25-074,L25,NORMAL,-0.07478475539185325,1,0
C17-099,L17,NORMAL,-0.09310097132148687,1,0
C30-036,L30,NORMAL,-0.10237328512564242,1,0
C21-062,L21,NORMAL,-0.10003123811224462,1,0
C06-058,L06,NORMAL,-0.08865670779865792,1,0
C06-100,L06,NORMAL,-0.10028037865103745,1,0
C42-012,L42,NORMAL,-0.10247122900732508,1,0
C47-024,L47,NORMAL,-0.10410834137638048,1,0
C35-060,L35,NORMAL,-0.05803018493623957,1,0
C17-095,L17,NORMAL,-0.11572747729450239,1,0
C35-083,L35,NORMAL,-0.09156990664235509,1,0
C06-039,L06,NORMAL,-0.07415167200363887,1,0
C06-096,L06,NORMAL,-0.08381463095975616,1,0
C48-056,L48,NORMAL,-0.12314774616751945,1,0
C11-039,L11,NORMAL,-0.06470978986292203,1,0
C10-016,L10,NORMAL,-0.12642802447588775,1,0
C19-098,L19,NORMAL,-0.11778526146390667,1,0
C05-075,L05,NORMAL,-0.08493598341709957,1,0
C08-022,L08,NORMAL,-0.06306905857403045,1,0
C10-044,L10,LATENT_DEFECT,0.008448705096087417,-1,1
C46-084,L46,LATENT_DEFECT,0.012965638497686616,-1,1
C40-052,L40,NORMAL,-0.13091974949975088,1,0
C31-011,L31,NORMAL,-0.11605235209985926,1,0
C24-037,L24,NORMAL,-0.08630157479576672,1,0
C29-050,L29,NORMAL,-0.07200727210303287,1,0
C05-003,L05,NORMAL,-0.08879756701578323,1,0
C47-073,L47,NORMAL,-0.11035548501463521,1,0
C06-040,L06,LATENT_DEFECT,-0.021121166128688973,1,0
C17-006,L17,NORMAL,-0.09358504157773812,1,0
C10-058,L10,NORMAL,-0.07778505227746085,1,0
C35-091,L35,NORMAL,-0.11260733605224293,1,0
C17-077,L17,NORMAL,-0.09369859586629398,1,0
C46-065,L46,OBVIOUS_FAILURE,0.11581847606016693,-1,1
C44-058,L44,NORMAL,-0.09204015556294792,1,0
C11-002,L11,NORMAL,-0.11713258553936323,1,0
C04-045,L04,OBVIOUS_FAILURE,0.2113629293379694,-1,1
C10-062,L10,NORMAL,-0.12379210684934738,1,0
C35-059,L35,NORMAL,-0.10037496390121659,1,0
C42-058,L42,NORMAL,-0.06182218291388292,1,0
C41-095,L41,NORMAL,-0.10761909137564452,1,0
C19-066,L19,NORMAL,-0.10415250871539655,1,0
C10-079,L10,NORMAL,-0.1297775139439059,1,0
C30-086,L30,NORMAL,-0.10411573608318231,1,0
C08-094,L08,NORMAL,-0.07947226384277123,1,0
C04-059,L04,NORMAL,-0.11874574442073887,1,0
C11-028,L11,NORMAL,-0.1149130152999317,1,0
C48-021,L48,NORMAL,-0.10416225700570664,1,0
C22-014,L22,NORMAL,-0.09241106283214212,1,0
C19-013,L19,NORMAL,-0.11796186282524568,1,0
C40-084,L40,NORMAL,-0.13536109150327652,1,0
C28-003,L28,NORMAL,-0.11808868887963264,1,0
C19-030,L19,NORMAL,-0.11262524930974499,1,0
C41-068,L41,NORMAL,-0.10883044229168215,1,0
C46-012,L46,NORMAL,-0.08370575599884239,1,0
C46-081,L46,NORMAL,-0.09427706710663109,1,0
C17-019,L17,NORMAL,-0.10889246196866265,1,0
C41-059,L41,NORMAL,-0.09670196583389923,1,0
C16-045,L16,NORMAL,-0.1290235990957876,1,0
C48-009,L48,NORMAL,-0.12215987952534213,1,0
C33-032,L33,NORMAL,-0.1041420804904657,1,0
C11-012,L11,LATENT_DEFECT,-0.03166140659912048,1,0
C26-063,L26,NORMAL,-0.08045082014879307,1,0
C05-089,L05,NORMAL,-0.09906467804259839,1,0
C40-093,L40,LATENT_DEFECT,-0.011036293912080275,1,0
C45-020,L45,NORMAL,-0.11984569395971484,1,0
C25-046,L25,NORMAL,-0.0726112218079592,1,0
C33-056,L33,NORMAL,-0.11876911577521082,1,0
C25-061,L25,NORMAL,-0.11668204510587732,1,0
C10-012,L10,NORMAL,-0.12325087550974445,1,0
C06-041,L06,NORMAL,-0.11332213530163915,1,0
C31-055,L31,NORMAL,-0.08496439459074973,1,0
C19-022,L19,NORMAL,-0.08562570484323856,1,0
C18-072,L18,NORMAL,-0.13562787789466657,1,0
C26-025,L26,NORMAL,-0.060714867736532174,1,0
C18-003,L18,NORMAL,-0.11871953904594246,1,0
C47-066,L47,NORMAL,-0.1048827778424819,1,0
C32-093,L32,NORMAL,-0.08791994031549683,1,0
C33-080,L33,NORMAL,-0.11743615772843402,1,0
C18-058,L18,NORMAL,-0.12661959281026997,1,0
C05-053,L05,NORMAL,-0.06512978228158217,1,0
C24-072,L24,NORMAL,-0.11016260083037949,1,0
C22-093,L22,NORMAL,-0.09121552301765362,1,0
C21-054,L21,NORMAL,-0.06826922639170036,1,0
C28-085,L28,LATENT_DEFECT,0.014149149507410086,-1,1
C06-057,L06,NORMAL,-0.11000502589488786,1,0
C27-047,L27,NORMAL,-0.12738369864556615,1,0
C41-042,L41,NORMAL,-0.11136383199459926,1,0
C38-015,L38,NORMAL,-0.09375969716539867,1,0
C10-096,L10,NORMAL,-0.10061894275732736,1,0
C38-039,L38,NORMAL,-0.12056324976980004,1,0
C27-085,L27,NORMAL,-0.1387795802563831,1,0
C35-022,L35,NORMAL,-0.10099889272666568,1,0
C24-023,L24,NORMAL,-0.077270729526486,1,0
C31-064,L31,NORMAL,-0.09651875180618935,1,0
C46-038,L46,NORMAL,-0.07408038148199075,1,0
C05-079,L05,NORMAL,-0.10323026759104847,1,0
C30-051,L30,NORMAL,-0.11871172980890282,1,0
C48-094,L48,NORMAL,-0.12811267653822506,1,0
C32-044,L32,NORMAL,-0.11247389990337248,1,0
C31-088,L31,NORMAL,-0.11503768898818262,1,0
C44-083,L44,OBVIOUS_FAILURE,0.17467631196238753,-1,1
C21-026,L21,NORMAL,-0.11242566353858041,1,0
C28-042,L28,NORMAL,-0.118455669438225,1,0
C30-043,L30,NORMAL,-0.13217131495077328,1,0
C18-098,L18,NORMAL,-0.12426804783225548,1,0
C26-026,L26,NORMAL,-0.1033323325700628,1,0
C10-080,L10,NORMAL,-0.11834135570549842,1,0
C04-015,L04,NORMAL,-0.0817631853148143,1,0
C45-055,L45,NORMAL,-0.11262439540947333,1,0
C05-074,L05,NORMAL,-0.06502188814502408,1,0
C17-082,L17,NORMAL,-0.11712679687773137,1,0
C08-032,L08,NORMAL,-0.07435967973014312,1,0
C21-018,L21,NORMAL,-0.10783276680692905,1,0
C32-030,L32,NORMAL,-0.11271079341804113,1,0
C50-080,L50,NORMAL,-0.11120292392192987,1,0
C21-090,L21,NORMAL,-0.10326214168035663,1,0
C31-079,L31,NORMAL,-0.09857642499113384,1,0
C08-088,L08,NORMAL,-0.09327577676768745,1,0
C38-059,L38,NORMAL,-0.10632452909275741,1,0
C10-039,L10,NORMAL,-0.08160796596490116,1,0
C25-092,L25,NORMAL,-0.10905529363667776,1,0
C44-065,L44,NORMAL,-0.10731108276072793,1,0
C27-012,L27,NORMAL,-0.13647853679369765,1,0
C25-098,L25,NORMAL,-0.0766830519492761,1,0
C08-025,L08,NORMAL,-0.05005712792492317,1,0
C19-028,L19,NORMAL,-0.09253552401963155,1,0
C31-051,L31,LATENT_DEFECT,-0.0012350560601295801,1,0
C39-075,L39,NORMAL,-0.12717122371171846,1,0
C04-064,L04,NORMAL,-0.09570007869677055,1,0
C06-067,L06,NORMAL,-0.10558017161609085,1,0
C32-087,L32,NORMAL,-0.12110397061976885,1,0
C32-097,L32,NORMAL,-0.11506937510317733,1,0
C05-058,L05,NORMAL,-0.0758517365350232,1,0
C10-051,L10,LATENT_DEFECT,0.06058997982468117,-1,1
C04-062,L04,NORMAL,-0.10820819988527686,1,0
C39-095,L39,NORMAL,-0.07986713367267045,1,0
C35-053,L35,NORMAL,-0.08767352254914562,1,0
C06-055,L06,NORMAL,-0.09619834878132588,1,0
C38-082,L38,NORMAL,-0.12393067419004361,1,0
C43-002,L43,NORMAL,-0.12744800830778785,1,0
C39-021,L39,NORMAL,-0.08485244824389399,1,0
C10-040,L10,NORMAL,-0.1340410468216719,1,0
C05-025,L05,NORMAL,-0.07926920163717521,1,0
C24-001,L24,NORMAL,-0.11672540040837731,1,0
C25-057,L25,NORMAL,-0.1039454137477534,1,0
C06-064,L06,NORMAL,-0.12301890959124145,1,0
C28-098,L28,NORMAL,-0.12885702331164156,1,0
C21-071,L21,NORMAL,-0.09128906686231775,1,0
C29-094,L29,NORMAL,-0.08632874619093828,1,0
C35-098,L35,NORMAL,-0.07528455855536664,1,0
C43-059,L43,NORMAL,-0.13200418409711856,1,0
C10-087,L10,NORMAL,-0.0955036022303003,1,0
C28-058,L28,NORMAL,-0.1245239186297381,1,0
C16-079,L16,NORMAL,-0.11978816575506723,1,0
C38-014,L38,NORMAL,-0.09364801574990683,1,0
C04-089,L04,NORMAL,-0.0373148929549979,1,0
C21-075,L21,NORMAL,-0.09248032746181067,1,0
C44-094,L44,NORMAL,-0.14111602553910202,1,0
C24-027,L24,NORMAL,-0.07749189655777272,1,0
C43-035,L43,LATENT_DEFECT,0.024089567915684618,-1,1
C40-017,L40,NORMAL,-0.12214998755278605,1,0
C30-027,L30,NORMAL,-0.10901720936245513,1,0
C18-068,L18,LATENT_DEFECT,-0.011109183958876556,1,0
C47-055,L47,NORMAL,-0.0594632566876796,1,0
C45-016,L45,NORMAL,-0.0794115344075928,1,0
C46-057,L46,NORMAL,-0.09654473884532883,1,0
C46-031,L46,NORMAL,-0.0919690572748248,1,0
C05-021,L05,NORMAL,-0.06841898142227881,1,0
C26-088,L26,NORMAL,-0.0844977779192208,1,0
C39-041,L39,NORMAL,-0.07839450672743165,1,0
C39-001,L39,NORMAL,-0.10558443336660545,1,0
C47-002,L47,NORMAL,-0.10148490394840215,1,0
C38-040,L38,NORMAL,-0.09705523071868372,1,0
C29-084,L29,NORMAL,-0.08596764117579725,1,0
C43-018,L43,NORMAL,-0.10075584628057888,1,0
C44-043,L44,NORMAL,-0.13067974725363563,1,0
C06-084,L06,OBVIOUS_FAILURE,0.11846123596538949,-1,1
C21-068,L21,NORMAL,-0.11046951080673367,1,0
C06-075,L06,OBVIOUS_FAILURE,0.20026205247172035,-1,1
C48-084,L48,NORMAL,-0.10881085683802888,1,0
C16-022,L16,NORMAL,-0.1342391195290853,1,0
C24-022,L24,NORMAL,-0.10989316355963535,1,0
C05-010,L05,NORMAL,-0.06607056741079603,1,0
C22-024,L22,NORMAL,-0.08670892126032603,1,0
C39-047,L39,NORMAL,-0.07477450961043491,1,0
C05-050,L05,NORMAL,-0.09741965040353173,1,0
C06-015,L06,NORMAL,-0.0874981281726282,1,0
C11-052,L11,NORMAL,-0.08429936980357194,1,0
C25-031,L25,NORMAL,-0.0708097629178207,1,0
C43-085,L43,NORMAL,-0.13490021023976817,1,0
C29-040,L29,LATENT_DEFECT,0.08206844518578182,-1,1
C45-069,L45,NORMAL,-0.1285116014646165,1,0
C45-044,L45,OBVIOUS_FAILURE,0.16858647065819843,-1,1
C08-069,L08,NORMAL,-0.06213644032603172,1,0
C30-030,L30,NORMAL,-0.1168012859109488,1,0
C40-085,L40,NORMAL,-0.11466626612353703,1,0
C18-080,L18,NORMAL,-0.12767367251624995,1,0
C35-071,L35,NORMAL,-0.1060364357978929,1,0
C48-006,L48,NORMAL,-0.09723813650869245,1,0
C45-071,L45,NORMAL,-0.09930858603933701,1,0
C26-007,L26,NORMAL,-0.04918246900868223,1,0
C39-060,L39,OBVIOUS_FAILURE,0.21494851036170737,-1,1
C35-075,L35,NORMAL,-0.106638258485316,1,0
C18-013,L18,NORMAL,-0.12205038214672737,1,0
C04-046,L04,NORMAL,-0.09022677899113407,1,0
C47-089,L47,NORMAL,-0.08007971103760825,1,0
C40-037,L40,NORMAL,-0.12206411571009551,1,0
C43-023,L43,NORMAL,-0.10920865170102839,1,0
C10-043,L10,NORMAL,-0.13161520552262346,1,0
C44-047,L44,NORMAL,-0.1303048797674563,1,0
C06-019,L06,NORMAL,-0.10358698225018392,1,0
C28-092,L28,NORMAL,-0.13636039355523977,1,0
C48-091,L48,NORMAL,-0.09145468461471523,1,0
C29-027,L29,NORMAL,-0.08654547386854522,1,0
C40-051,L40,LATENT_DEFECT,0.027072846544016094,-1,1
C45-021,L45,NORMAL,-0.10353336137721764,1,0
C48-040,L48,NORMAL,-0.11084185930250334,1,0
C08-033,L08,LATENT_DEFECT,0.06034637533896792,-1,1
C06-052,L06,NORMAL,-0.08225787888258951,1,0
C08-055,L08,LATENT_DEFECT,0.0767664426944531,-1,1
C42-063,L42,NORMAL,-0.05900040795046585,1,0
C19-033,L19,NORMAL,-0.1196303564189905,1,0
C43-029,L43,NORMAL,-0.11231484889902216,1,0
C24-007,L24,NORMAL,-0.0674039806420706,1,0
C16-071,L16,LATENT_DEFECT,-0.02552722409995878,1,0
C42-031,L42,NORMAL,-0.09689876081619153,1,0
C45-094,L45,NORMAL,-0.10703116608581764,1,0
C29-048,L29,LATENT_DEFECT,0.03087561432756525,-1,1
C30-016,L30,NORMAL,-0.1276817813674589,1,0
C24-021,L24,NORMAL,-0.10040611306046687,1,0
C41-039,L41,NORMAL,-0.1226156532035656,1,0
C28-013,L28,NORMAL,-0.10236034262427035,1,0
C24-073,L24,NORMAL,-0.09180993860649028,1,0
C39-008,L39,NORMAL,-0.11497277515424364,1,0
C17-062,L17,NORMAL,-0.047220594377377856,1,0
C10-009,L10,NORMAL,-0.1252800216376067,1,0
C24-052,L24,NORMAL,-0.10064015562274886,1,0
C40-031,L40,NORMAL,-0.08007428922286541,1,0
C27-070,L27,NORMAL,-0.11888853204825522,1,0
C31-062,L31,NORMAL,-0.11096726185582684,1,0
C18-075,L18,NORMAL,-0.13299394106799084,1,0
C28-017,L28,NORMAL,-0.1131653218332993,1,0
C24-071,L24,NORMAL,-0.12771407322136763,1,0
C24-012,L24,OBVIOUS_FAILURE,0.19532679881417037,-1,1
C04-001,L04,NORMAL,-0.09692272919323691,1,0
C26-098,L26,NORMAL,-0.0718505490929146,1,0
C26-045,L26,OBVIOUS_FAILURE,0.2126704744662622,-1,1
C48-067,L48,NORMAL,-0.10716012947453529,1,0
C11-074,L11,LATENT_DEFECT,0.0053854660131725796,-1,1
C26-032,L26,NORMAL,-0.10597378037080885,1,0
C44-056,L44,NORMAL,-0.11966474151091738,1,0
C29-087,L29,NORMAL,-0.08021557075144337,1,0
C06-048,L06,NORMAL,-0.11292993078156488,1,0
C10-024,L10,NORMAL,-0.12990892306338703,1,0
C27-055,L27,LATENT_DEFECT,-0.03065205603161203,1,0
C17-022,L17,NORMAL,-0.11462359984962611,1,0
C32-099,L32,NORMAL,-0.09504754249853797,1,0
C21-023,L21,NORMAL,-0.10101425202136233,1,0
C18-008,L18,NORMAL,-0.12759222179075397,1,0
C05-076,L05,NORMAL,-0.08621120182429254,1,0
C06-079,L06,NORMAL,-0.09094070843148666,1,0
C41-021,L41,NORMAL,-0.11396946559055704,1,0
C42-070,L42,LATENT_DEFECT,0.027757226284279013,-1,1
C21-085,L21,NORMAL,-0.07584797059347237,1,0
C27-057,L27,NORMAL,-0.1257608552260402,1,0
C35-030,L35,NORMAL,-0.0980117676191915,1,0
C10-017,L10,NORMAL,-0.10835688775807967,1,0
C35-084,L35,LATENT_DEFECT,-0.015510140167918518,1,0
C06-018,L06,NORMAL,-0.09397945581381134,1,0
C27-037,L27,NORMAL,-0.11199826009763475,1,0
C41-085,L41,NORMAL,-0.11925712933201055,1,0
C44-054,L44,NORMAL,-0.11243312021741941,1,0
C35-061,L35,NORMAL,-0.09295078630971937,1,0
C48-052,L48,NORMAL,-0.07163432095467687,1,0
C50-005,L50,LATENT_DEFECT,0.035085491273958436,-1,1
C17-013,L17,NORMAL,-0.09732691377118785,1,0
C10-050,L10,NORMAL,-0.09858288799757836,1,0
C50-093,L50,NORMAL,-0.10538740767345456,1,0
C26-066,L26,NORMAL,-0.09957915514828225,1,0
C17-086,L17,NORMAL,-0.11624581657718336,1,0
C10-034,L10,NORMAL,-0.11220043218864728,1,0
C19-053,L19,NORMAL,-0.073061014132704,1,0
C08-072,L08,LATENT_DEFECT,0.041671702604093586,-1,1
C43-079,L43,NORMAL,-0.12461976220326759,1,0
C33-004,L33,NORMAL,-0.09624368150573054,1,0
C28-038,L28,NORMAL,-0.12523855838079806,1,0
C11-097,L11,NORMAL,-0.07207050376384116,1,0
C30-013,L30,NORMAL,-0.1199687216874577,1,0
C35-073,L35,NORMAL,-0.10509105033549893,1,0
C32-078,L32,NORMAL,-0.13562298381881627,1,0
C24-062,L24,NORMAL,-0.10120707665092094,1,0
C22-050,L22,NORMAL,-0.10114480037336332,1,0
C06-047,L06,NORMAL,-0.09992926961431803,1,0
C11-006,L11,NORMAL,-0.11026386680254663,1,0
C43-046,L43,LATENT_DEFECT,0.03381371003479938,-1,1
C29-085,L29,NORMAL,-0.07750514429560185,1,0
C40-065,L40,NORMAL,-0.13908771116021984,1,0
C45-023,L45,NORMAL,-0.11357622474998996,1,0
C30-040,L30,OBVIOUS_FAILURE,0.2651923392095554,-1,1
C42-095,L42,NORMAL,-0.09355831577523999,1,0
C11-065,L11,NORMAL,-0.09987861814636156,1,0
C33-084,L33,NORMAL,-0.10327870666565725,1,0
C30-095,L30,NORMAL,-0.11759672486450001,1,0
C21-042,L21,LATENT_DEFECT,0.041689583113247775,-1,1
C26-062,L26,LATENT_DEFECT,0.029514835320312294,-1,1
C29-065,L29,NORMAL,-0.06574993971126358,1,0
C44-014,L44,NORMAL,-0.12220030422323197,1,0
C26-015,L26,LATENT_DEFECT,0.015973535022057117,-1,1
C41-090,L41,NORMAL,-0.11534571787784598,1,0
C10-086,L10,NORMAL,-0.12606053911207554,1,0
C31-084,L31,NORMAL,-0.09731672441454425,1,0
C50-083,L50,NORMAL,-0.08533820974275552,1,0
C06-059,L06,NORMAL,-0.05353188543624732,1,0
C29-096,L29,NORMAL,-0.0514248415706024,1,0
C29-004,L29,NORMAL,-0.09153088908179613,1,0
C19-086,L19,LATENT_DEFECT,0.026297887662751984,-1,1
C44-035,L44,NORMAL,-0.10839469884356545,1,0
C40-034,L40,LATENT_DEFECT,-0.025093774847803063,1,0
C16-043,L16,NORMAL,-0.11173253340297062,1,0
C30-087,L30,NORMAL,-0.1093302686533717,1,0
C18-063,L18,NORMAL,-0.13448947273787065,1,0
C50-010,L50,NORMAL,-0.09077711503760971,1,0
C25-063,L25,NORMAL,-0.09770854606399604,1,0
C38-071,L38,NORMAL,-0.11562697262897326,1,0
C29-080,L29,NORMAL,-0.07372786408130039,1,0
C27-038,L27,NORMAL,-0.11186061486828941,1,0
C48-045,L48,NORMAL,-0.120889346035775,1,0
C06-097,L06,NORMAL,-0.0920085935395828,1,0
C45-056,L45,NORMAL,-0.1124813926430337,1,0
C11-008,L11,NORMAL,-0.07199792792035886,1,0
C04-008,L04,NORMAL,-0.11992358605608905,1,0
C31-016,L31,NORMAL,-0.09794501316700738,1,0
C41-092,L41,NORMAL,-0.1119021906306682,1,0
C50-014,L50,NORMAL,-0.09735871364606952,1,0
C39-016,L39,NORMAL,-0.07835205468058565,1,0
C25-086,L25,NORMAL,-0.06826694432665037,1,0
C30-031,L30,NORMAL,-0.11949362069872116,1,0
C48-074,L48,NORMAL,-0.0986293206281127,1,0
C25-062,L25,NORMAL,-0.08068539486353987,1,0
C22-011,L22,NORMAL,-0.03839972298593791,1,0
C21-065,L21,NORMAL,-0.09401383594348017,1,0
C04-097,L04,NORMAL,-0.09849039362055217,1,0
C18-094,L18,NORMAL,-0.13842454454974445,1,0
C17-037,L17,NORMAL,-0.10946884600956835,1,0
C19-038,L19,NORMAL,-0.12396932266494615,1,0
C29-036,L29,NORMAL,-0.0877914708150942,1,0
C04-026,L04,NORMAL,-0.0813262656539217,1,0
C35-039,L35,NORMAL,-0.0799124889839225,1,0
C18-030,L18,NORMAL,-0.10392842625560261,1,0
C38-081,L38,NORMAL,-0.12096997358091993,1,0
C21-043,L21,NORMAL,-0.06471476135340859,1,0
C50-094,L50,NORMAL,-0.0936915096988114,1,0
C33-077,L33,NORMAL,-0.09536066244184882,1,0
C29-047,L29,NORMAL,-0.078767783401329,1,0
C04-068,L04,NORMAL,-0.08073547178324786,1,0
C39-013,L39,NORMAL,-0.10727195588703675,1,0
C18-019,L18,NORMAL,-0.1288403421252443,1,0
C28-027,L28,NORMAL,-0.11760384260059548,1,0
C47-096,L47,NORMAL,-0.07571814225433965,1,0
C21-019,L21,NORMAL,-0.09155074560590348,1,0
C04-032,L04,NORMAL,-0.06506814873131561,1,0
C50-088,L50,NORMAL,-0.0655423775292211,1,0
C43-052,L43,NORMAL,-0.11552131185785797,1,0
C16-011,L16,NORMAL,-0.0967556777413176,1,0
C31-073,L31,NORMAL,-0.11833864962317159,1,0
C47-044,L47,NORMAL,-0.08997065242595603,1,0
C08-044,L08,NORMAL,-0.0861396093832753,1,0
C33-033,L33,NORMAL,-0.10066063798105884,1,0
C31-017,L31,NORMAL,-0.10578037011172153,1,0
C43-067,L43,NORMAL,-0.12647812395296126,1,0
C43-072,L43,NORMAL,-0.12340579531002782,1,0
C45-047,L45,NORMAL,-0.10500942285063075,1,0
C46-096,L46,NORMAL,-0.08595101159267027,1,0
C18-010,L18,NORMAL,-0.13169005487239976,1,0
C40-016,L40,NORMAL,-0.13450218205614273,1,0
C43-028,L43,NORMAL,-0.12718233875468798,1,0
C38-090,L38,NORMAL,-0.12463948170601508,1,0
C47-083,L47,NORMAL,-0.10757054937374749,1,0
C11-077,L11,NORMAL,-0.0830068585707327,1,0
C46-048,L46,NORMAL,-0.10099029248689112,1,0
C33-096,L33,NORMAL,-0.0952720585710452,1,0
C48-005,L48,NORMAL,-0.1102156207415893,1,0
C35-019,L35,LATENT_DEFECT,0.04662930660815934,-1,1
C11-029,L11,LATENT_DEFECT,0.017584999021276415,-1,1
C05-077,L05,NORMAL,-0.09467162190894851,1,0
C26-013,L26,NORMAL,-0.08336194388466772,1,0
C10-023,L10,NORMAL,-0.11318415839152696,1,0
C22-079,L22,NORMAL,-0.07071957743366442,1,0
C27-073,L27,NORMAL,-0.11630047657683157,1,0
C48-012,L48,NORMAL,-0.10361262897258866,1,0
C47-085,L47,NORMAL,-0.08681878044360164,1,0
C18-017,L18,NORMAL,-0.1268669936026074,1,0
C43-006,L43,NORMAL,-0.10361976563001363,1,0
C06-089,L06,NORMAL,-0.10922313971283065,1,0
C44-072,L44,NORMAL,-0.11435384622705447,1,0
C38-026,L38,NORMAL,-0.12395008746879188,1,0
C39-070,L39,NORMAL,-0.12194457525829355,1,0
C25-021,L25,NORMAL,-0.08152150159924665,1,0
C05-078,L05,LATENT_DEFECT,0.030501730425607443,-1,1
C17-060,L17,NORMAL,-0.10070568679340797,1,0
C21-058,L21,NORMAL,-0.06018208127953817,1,0
C40-055,L40,NORMAL,-0.12788182967260148,1,0
C38-036,L38,NORMAL,-0.11053677110228816,1,0
C08-071,L08,NORMAL,-0.07083813262564387,1,0
C26-020,L26,NORMAL,-0.05910338037385604,1,0
C11-099,L11,NORMAL,-0.11264891250086001,1,0
C33-028,L33,NORMAL,-0.11517276278721439,1,0
C17-030,L17,LATENT_DEFECT,-0.025703201946779886,1,0
C45-039,L45,NORMAL,-0.10830786979536605,1,0
C48-060,L48,NORMAL,-0.11642424448839567,1,0
C22-072,L22,NORMAL,-0.08190281181975856,1,0
C27-040,L27,NORMAL,-0.1157316251245224,1,0
C42-007,L42,NORMAL,-0.05230637068729005,1,0
C05-042,L05,NORMAL,-0.04180854700662284,1,0
C30-012,L30,NORMAL,-0.11068468501557055,1,0
C16-066,L16,NORMAL,-0.12530447231536335,1,0
C43-058,L43,NORMAL,-0.10155274088258831,1,0
C32-060,L32,NORMAL,-0.14298696622378299,1,0
C16-055,L16,LATENT_DEFECT,0.022907505674216955,-1,1
C10-072,L10,NORMAL,-0.10785433822801405,1,0
C21-028,L21,NORMAL,-0.06551085091501202,1,0
C29-089,L29,LATENT_DEFECT,0.06979702377666552,-1,1
C44-089,L44,LATENT_DEFECT,-0.02653873293400616,1,0
C17-053,L17,NORMAL,-0.10709081756799843,1,0
C41-002,L41,NORMAL,-0.11370267769847503,1,0
C44-049,L44,NORMAL,-0.09777072053455665,1,0
C22-018,L22,NORMAL,-0.10237060279434873,1,0
C05-096,L05,NORMAL,-0.07470835208594995,1,0
C11-033,L11,NORMAL,-0.08726877979094266,1,0
C46-080,L46,NORMAL,-0.09633548863138236,1,0
C33-045,L33,NORMAL,-0.12026021613266369,1,0
C42-047,L42,NORMAL,-0.09790276289365918,1,0
C33-016,L33,LATENT_DEFECT,0.0031410307002518456,-1,1
C21-024,L21,NORMAL,-0.10652977655713841,1,0
C11-056,L11,NORMAL,-0.06676850417709257,1,0
C38-020,L38,NORMAL,-0.12773122853931418,1,0
C44-021,L44,NORMAL,-0.11347638143654576,1,0
C35-051,L35,NORMAL,-0.09128939672867042,1,0
C46-028,L46,NORMAL,-0.11495214877972776,1,0
C17-045,L17,NORMAL,-0.11809118619928022,1,0
C16-032,L16,NORMAL,-0.1242002400679092,1,0
C27-058,L27,NORMAL,-0.11349570496544287,1,0
C35-014,L35,NORMAL,-0.11990579244829186,1,0
C05-063,L05,NORMAL,-0.07747253874336668,1,0
C21-002,L21,NORMAL,-0.04980480537209342,1,0
C29-019,L29,NORMAL,-0.10167510880340053,1,0
C21-004,L21,NORMAL,-0.08632525470582325,1,0
C24-034,L24,NORMAL,-0.09665483045962925,1,0
C21-030,L21,NORMAL,-0.07095740284088892,1,0
C11-048,L11,NORMAL,-0.1168742036966251,1,0
C39-054,L39,NORMAL,-0.09467545774645741,1,0
C43-090,L43,LATENT_DEFECT,-0.027381070329929202,1,0
C48-011,L48,NORMAL,-0.0636462463444889,1,0
C11-069,L11,NORMAL,-0.058337077119949066,1,0
C33-060,L33,NORMAL,-0.1070706697433727,1,0
C48-085,L48,NORMAL,-0.05994747035046499,1,0
C19-041,L19,NORMAL,-0.11439188113266707,1,0
C35-080,L35,NORMAL,-0.0941417553112015,1,0
C16-012,L16,NORMAL,-0.11822746418129187,1,0
C30-070,L30,NORMAL,-0.12548161500490085,1,0
C47-011,L47,NORMAL,-0.08418346030215701,1,0
C28-012,L28,NORMAL,-0.11901019783550482,1,0
C42-052,L42,NORMAL,-0.1184594660048523,1,0
C17-057,L17,NORMAL,-0.09469374491603721,1,0
C41-033,L41,NORMAL,-0.10789325357888385,1,0
C11-082,L11,NORMAL,-0.07255924078894194,1,0
C31-042,L31,NORMAL,-0.09539584437193455,1,0
C28-054,L28,NORMAL,-0.11585660053733815,1,0
C19-077,L19,NORMAL,-0.10155739973847433,1,0
C04-074,L04,NORMAL,-0.07829325347455635,1,0
C04-049,L04,NORMAL,-0.08647219679613843,1,0
C47-032,L47,NORMAL,-0.1020397960980905,1,0
C48-039,L48,NORMAL,-0.11260830860594456,1,0
C47-061,L47,NORMAL,-0.04738871588763477,1,0
C46-023,L46,NORMAL,-0.1259617034149908,1,0
C31-050,L31,NORMAL,-0.11765029182005554,1,0
C44-038,L44,NORMAL,-0.13032778614520169,1,0
C22-065,L22,NORMAL,-0.10860426677129831,1,0
C41-086,L41,NORMAL,-0.12023928840937265,1,0
C31-096,L31,NORMAL,-0.09809370236512949,1,0
C38-024,L38,NORMAL,-0.1121038698855587,1,0
C26-081,L26,OBVIOUS_FAILURE,0.19006891218030852,-1,1
C26-095,L26,NORMAL,-0.07924790541042215,1,0
C21-007,L21,NORMAL,-0.10006982064708653,1,0
C11-073,L11,NORMAL,-0.06939805413680272,1,0
C31-100,L31,NORMAL,-0.12426807253696653,1,0
C43-003,L43,LATENT_DEFECT,0.020550786061768966,-1,1
C22-017,L22,NORMAL,-0.1066197719665054,1,0
C21-033,L21,NORMAL,-0.05477488599442326,1,0
C33-041,L33,NORMAL,-0.11580028538915699,1,0
C35-034,L35,NORMAL,-0.07752013364916144,1,0
C19-049,L19,NORMAL,-0.11480076205614492,1,0
C39-059,L39,NORMAL,-0.08953336266040035,1,0
C29-033,L29,NORMAL,-0.044536100847307025,1,0
C48-095,L48,NORMAL,-0.13552606037827308,1,0
C48-031,L48,NORMAL,-0.12562795789561582,1,0
C41-079,L41,NORMAL,-0.0655501750458446,1,0
C45-036,L45,NORMAL,-0.08282865509434423,1,0
C47-031,L47,NORMAL,-0.09360785002231897,1,0
C06-060,L06,NORMAL,-0.09787664825119036,1,0
C50-033,L50,LATENT_DEFECT,0.05318549239209924,-1,1
C29-043,L29,NORMAL,-0.07872435448707826,1,0
C46-060,L46,NORMAL,-0.05243925977891167,1,0
C40-028,L40,NORMAL,-0.12530892710663133,1,0
C26-069,L26,NORMAL,-0.09894688172563953,1,0
C17-065,L17,NORMAL,-0.10157302303071153,1,0
C42-093,L42,NORMAL,-0.11236972061479422,1,0
C30-079,L30,NORMAL,-0.10306621736528038,1,0
C41-093,L41,NORMAL,-0.10976315993710573,1,0
C46-079,L46,NORMAL,-0.11592356635769302,1,0
C25-010,L25,NORMAL,-0.09787879759615792,1,0
C38-046,L38,NORMAL,-0.1336890861969139,1,0
C18-012,L18,NORMAL,-0.12204086933685432,1,0
C21-038,L21,NORMAL,-0.07469081171152014,1,0
C43-053,L43,NORMAL,-0.12987714034365683,1,0
C22-033,L22,NORMAL,-0.10733076575430284,1,0
C42-059,L42,NORMAL,-0.12526099443584865,1,0
C28-060,L28,NORMAL,-0.12701565992190544,1,0
C32-085,L32,NORMAL,-0.09420171721023646,1,0
C44-098,L44,NORMAL,-0.10585546636570614,1,0
C26-053,L26,LATENT_DEFECT,0.051621174922066304,-1,1
C32-098,L32,NORMAL,-0.10962285712010394,1,0
C35-058,L35,NORMAL,-0.09394235145931307,1,0
C41-066,L41,NORMAL,-0.09588321485885948,1,0
C50-052,L50,NORMAL,-0.05763735394435748,1,0
C05-009,L05,LATENT_DEFECT,0.03489752316865413,-1,1
C41-034,L41,LATENT_DEFECT,0.013575851435052688,-1,1
C40-054,L40,NORMAL,-0.1309119225303118,1,0
C43-011,L43,NORMAL,-0.09923861395988853,1,0
C08-019,L08,NORMAL,-0.06633499720595304,1,0
C04-060,L04,NORMAL,-0.08303848502371952,1,0
C18-011,L18,LATENT_DEFECT,0.007431948895484375,-1,1
C28-014,L28,NORMAL,-0.07193898095093942,1,0
C21-069,L21,NORMAL,-0.09518724408119372,1,0
C24-032,L24,NORMAL,-0.10311746000193828,1,0
C50-013,L50,NORMAL,-0.08640353003971729,1,0
C39-039,L39,NORMAL,-0.06889937448504774,1,0
C17-066,L17,NORMAL,-0.1292172536076019,1,0
C18-048,L18,NORMAL,-0.11622168195873062,1,0
C27-015,L27,NORMAL,-0.1180733622735638,1,0
C39-022,L39,LATENT_DEFECT,0.028954616243570985,-1,1
C50-082,L50,LATENT_DEFECT,0.006463937456241742,-1,1
C45-085,L45,NORMAL,-0.08868045049770318,1,0
C17-028,L17,NORMAL,-0.119259298504382,1,0
C18-065,L18,OBVIOUS_FAILURE,0.22055771648506062,-1,1
C47-025,L47,NORMAL,-0.06491867922669708,1,0
C06-021,L06,NORMAL,-0.1150503574323053,1,0
C40-043,L40,NORMAL,-0.10293342751077378,1,0
C11-083,L11,NORMAL,-0.07587488706936918,1,0
C46-001,L46,NORMAL,-0.08879684307528057,1,0
C27-033,L27,NORMAL,-0.13605719203758188,1,0
C22-062,L22,NORMAL,-0.0836069615079687,1,0
C04-057,L04,NORMAL,-0.11537861037321845,1,0
C05-088,L05,NORMAL,-0.09327808971880791,1,0
C32-070,L32,NORMAL,-0.12988485146186662,1,0
C32-012,L32,NORMAL,-0.12289881552722998,1,0
C38-067,L38,NORMAL,-0.1092137025667414,1,0
C45-090,L45,NORMAL,-0.10704282414770006,1,0
C10-069,L10,LATENT_DEFECT,-0.008927241863298241,1,0
C25-045,L25,NORMAL,-0.10485973180639568,1,0
C44-007,L44,NORMAL,-0.11752619616208543,1,0
C33-086,L33,NORMAL,-0.10784199477300116,1,0
C06-027,L06,NORMAL,-0.09468570804192811,1,0
C11-036,L11,NORMAL,-0.11562550594164578,1,0
C33-027,L33,NORMAL,-0.08420421018789775,1,0
C31-054,L31,NORMAL,-0.13080716962968053,1,0
C22-060,L22,NORMAL,-0.10364886610975771,1,0
C27-054,L27,NORMAL,-0.09193305025488263,1,0
C39-058,L39,NORMAL,-0.10579601713087694,1,0
C44-026,L44,NORMAL,-0.12641668368877895,1,0
C21-035,L21,NORMAL,-0.07721565322636609,1,0
C41-067,L41,NORMAL,-0.09692081553271481,1,0
C47-038,L47,OBVIOUS_FAILURE,0.1344817141573763,-1,1
C04-070,L04,LATENT_DEFECT,0.011588887761636801,-1,1
C17-035,L17,NORMAL,-0.07361243181072225,1,0
C28-011,L28,NORMAL,-0.11797691023254958,1,0
C46-078,L46,NORMAL,-0.09994733289470581,1,0
C45-065,L45,NORMAL,-0.09029018002058647,1,0
C08-077,L08,NORMAL,-0.04570966672314675,1,0
C10-037,L10,NORMAL,-0.10623564618390108,1,0
C38-056,L38,NORMAL,-0.08422182938344863,1,0
C32-035,L32,NORMAL,-0.11269481315509394,1,0
C27-081,L27,NORMAL,-0.08662427913816423,1,0
C06-009,L06,NORMAL,-0.10150247693672299,1,0
C43-077,L43,NORMAL,-0.11889126418112517,1,0
C11-066,L11,NORMAL,-0.11197783956092155,1,0
C08-014,L08,OBVIOUS_FAILURE,0.16991268553907712,-1,1
C16-002,L16,NORMAL,-0.08988001205143353,1,0
C06-034,L06,NORMAL,-0.09693968577310907,1,0
C28-053,L28,NORMAL,-0.10917077753296106,1,0
C43-034,L43,NORMAL,-0.09426340034121194,1,0
C48-080,L48,NORMAL,-0.12950508284982926,1,0
C04-013,L04,NORMAL,-0.08738157978025246,1,0
C05-012,L05,NORMAL,-0.09718981999743864,1,0
C35-069,L35,NORMAL,-0.11770554103704167,1,0
C30-098,L30,NORMAL,-0.09097239422033049,1,0
C27-079,L27,OBVIOUS_FAILURE,0.08655350056953659,-1,1
C39-026,L39,NORMAL,-0.10176654117064199,1,0
C50-096,L50,NORMAL,-0.06910691654692269,1,0
C26-058,L26,LATENT_DEFECT,-0.02012073763665423,1,0
C10-073,L10,NORMAL,-0.09619206273223851,1,0
C32-038,L32,NORMAL,-0.12391723241869523,1,0
C18-032,L18,NORMAL,-0.09415284933672075,1,0
C31-093,L31,OBVIOUS_FAILURE,0.15328030655017388,-1,1
C22-005,L22,NORMAL,-0.11675859407329836,1,0
C46-074,L46,NORMAL,-0.09602590950706469,1,0
C26-027,L26,NORMAL,-0.09598461800104785,1,0
C27-046,L27,NORMAL,-0.1251476368663474,1,0
C27-004,L27,NORMAL,-0.10513627731302261,1,0
C40-030,L40,NORMAL,-0.10882581307731948,1,0
C28-010,L28,NORMAL,-0.11785540857594823,1,0
C16-056,L16,LATENT_DEFECT,0.015090340424863902,-1,1
C28-009,L28,NORMAL,-0.13399819211233782,1,0
C08-062,L08,NORMAL,-0.08809467785604969,1,0
C05-036,L05,NORMAL,-0.07043226654761092,1,0
C39-031,L39,NORMAL,-0.10227856074721714,1,0
C45-083,L45,NORMAL,-0.1210276390016451,1,0
C22-047,L22,NORMAL,-0.10956608895662945,1,0
C48-079,L48,NORMAL,-0.12237892673388695,1,0
C08-067,L08,NORMAL,-0.08734805112721022,1,0
C33-072,L33,NORMAL,-0.11886535126562375,1,0
C40-080,L40,NORMAL,-0.1277234114592204,1,0
C04-030,L04,NORMAL,-0.0972951407514469,1,0
C44-013,L44,NORMAL,-0.14039914540084375,1,0
C04-023,L04,NORMAL,-0.07498109454723934,1,0
C47-059,L47,NORMAL,-0.05880423888142167,1,0
C50-047,L50,NORMAL,-0.06215196867354089,1,0
C21-076,L21,NORMAL,-0.07938647137858423,1,0
C42-056,L42,NORMAL,-0.08851213056773616,1,0
C16-096,L16,NORMAL,-0.12631239252195214,1,0
C50-053,L50,NORMAL,-0.09814578333753654,1,0
C17-001,L17,NORMAL,-0.11251662998966777,1,0
C10-021,L10,NORMAL,-0.12692160235893607,1,0
C16-083,L16,NORMAL,-0.12391983436741505,1,0
C31-005,L31,NORMAL,-0.10672849964835279,1,0
C10-061,L10,NORMAL,-0.11320728564587679,1,0
C04-044,L04,NORMAL,-0.059930350270193666,1,0
C04-088,L04,NORMAL,-0.09782683990905316,1,0
C29-003,L29,NORMAL,-0.08865996507163731,1,0
C25-099,L25,NORMAL,-0.10343751284109903,1,0
C50-026,L50,NORMAL,-0.12319342229152236,1,0
C11-062,L11,NORMAL,-0.10550559962729805,1,0
C06-083,L06,NORMAL,-0.0828163702057581,1,0
C50-021,L50,NORMAL,-0.08888841694918936,1,0
C46-089,L46,NORMAL,-0.08514329642241991,1,0
C29-067,L29,NORMAL,-0.09050334348881972,1,0
C48-022,L48,NORMAL,-0.12198968441479596,1,0
C26-043,L26,NORMAL,-0.08760949417560782,1,0
C10-066,L10,NORMAL,-0.1329712210902423,1,0
C22-097,L22,NORMAL,-0.08769372103494766,1,0
C27-083,L27,NORMAL,-0.11482458226449543,1,0
C18-060,L18,NORMAL,-0.11829278409255634,1,0
C11-034,L11,NORMAL,-0.12423644199771622,1,0
C43-051,L43,NORMAL,-0.10746362165655993,1,0
C43-057,L43,NORMAL,-0.11548564664398814,1,0
C33-058,L33,NORMAL,-0.1164317224444622,1,0
C30-050,L30,NORMAL,-0.09413263405642525,1,0
C50-062,L50,NORMAL,-0.09184210816847205,1,0
C44-006,L44,NORMAL,-0.13414834563445882,1,0
C28-068,L28,NORMAL,-0.12094746294134873,1,0
C39-076,L39,NORMAL,-0.03647771178259046,1,0
C22-036,L22,NORMAL,-0.08852980482931377,1,0
C50-049,L50,NORMAL,-0.04629003623169142,1,0
C39-071,L39,NORMAL,-0.09877149233289467,1,0
C45-025,L45,NORMAL,-0.13703576671403234,1,0
C25-052,L25,LATENT_DEFECT,0.0021296525632850116,-1,1
C19-004,L19,NORMAL,-0.10915589316206842,1,0
C16-038,L16,LATENT_DEFECT,-0.02351470772209807,1,0
C26-057,L26,NORMAL,-0.09404105702691157,1,0
C31-086,L31,NORMAL,-0.07379910787533522,1,0
C50-061,L50,NORMAL,-0.10267894657759641,1,0
C48-088,L48,NORMAL,-0.08292233045767128,1,0
C40-067,L40,LATENT_DEFECT,0.0005834168879562673,-1,1
C48-065,L48,LATENT_DEFECT,0.022276932960096807,-1,1
C21-079,L21,LATENT_DEFECT,-0.015046821824197865,1,0
C39-089,L39,NORMAL,-0.09293876536639323,1,0
C30-021,L30,NORMAL,-0.12676165608246337,1,0
C06-022,L06,NORMAL,-0.06954794440695083,1,0
C11-044,L11,NORMAL,-0.09080163385453344,1,0
C33-082,L33,NORMAL,-0.10515567563319667,1,0
C50-071,L50,NORMAL,-0.09723950460989655,1,0
C18-088,L18,NORMAL,-0.09735876109313829,1,0
C40-010,L40,NORMAL,-0.10838025348477687,1,0
C16-086,L16,NORMAL,-0.1221196018939813,1,0
C41-080,L41,NORMAL,-0.12836129763246723,1,0
C19-091,L19,NORMAL,-0.11093819862166288,1,0
C33-071,L33,NORMAL,-0.10784001571653207,1,0
C26-028,L26,NORMAL,-0.10264767140966591,1,0
C40-001,L40,NORMAL,-0.12002201394616407,1,0
C17-090,L17,NORMAL,-0.059991759158920355,1,0
C45-088,L45,NORMAL,-0.12443504892134516,1,0
C22-009,L22,NORMAL,-0.06877182390739994,1,0
C35-100,L35,NORMAL,-0.11818723694583261,1,0
C33-039,L33,NORMAL,-0.1018202021100405,1,0
C42-079,L42,NORMAL,-0.08331265217362266,1,0
C47-095,L47,NORMAL,-0.08750380628053211,1,0
C21-074,L21,NORMAL,-0.08235745513322817,1,0
C40-074,L40,NORMAL,-0.12515861999633193,1,0
C29-030,L29,NORMAL,-0.08048682286236591,1,0
C06-073,L06,NORMAL,-0.11068197901496024,1,0
C48-077,L48,NORMAL,-0.12089305192627442,1,0
C11-022,L11,NORMAL,-0.09769153424507082,1,0
C11-023,L11,NORMAL,-0.08720601221725616,1,0
C32-064,L32,NORMAL,-0.08726745675501685,1,0
C26-089,L26,OBVIOUS_FAILURE,0.19449735636789034,-1,1
C48-024,L48,NORMAL,-0.13160031939619293,1,0
C39-087,L39,NORMAL,-0.11955502892878411,1,0
C24-029,L24,NORMAL,-0.12004169647399016,1,0
C08-051,L08,NORMAL,-0.04992636162668296,1,0
C24-056,L24,NORMAL,-0.11913400909685129,1,0
C27-011,L27,LATENT_DEFECT,0.009696767053198219,-1,1
C27-067,L27,NORMAL,-0.11618910902183321,1,0
C42-037,L42,NORMAL,-0.08211547277736625,1,0
C26-078,L26,NORMAL,-0.08029748318466229,1,0
C42-003,L42,NORMAL,-0.09805073018539923,1,0
C22-074,L22,LATENT_DEFECT,0.044141228048148684,-1,1
C16-052,L16,NORMAL,-0.12887995067437596,1,0
C44-010,L44,LATENT_DEFECT,0.008994351416626856,-1,1
C41-064,L41,NORMAL,-0.11588966467094175,1,0
C47-086,L47,NORMAL,-0.09480137932063099,1,0
C45-022,L45,NORMAL,-0.112532617787381,1,0
C47-045,L47,NORMAL,-0.07665743845223988,1,0
C39-023,L39,NORMAL,-0.1141348010645733,1,0
C35-050,L35,NORMAL,-0.11997481556573142,1,0
C32-074,L32,OBVIOUS_FAILURE,0.20293444538333094,-1,1
C30-063,L30,NORMAL,-0.11969525700088562,1,0
C05-069,L05,NORMAL,-0.06969910034048582,1,0
C44-017,L44,NORMAL,-0.1062303170129763,1,0
C29-049,L29,NORMAL,-0.09938664693997118,1,0
C47-049,L47,NORMAL,-0.06324084920126499,1,0
C22-029,L22,NORMAL,-0.0687771489979293,1,0
C18-004,L18,NORMAL,-0.1281963946813386,1,0
C43-063,L43,NORMAL,-0.13168477502786796,1,0
C19-063,L19,NORMAL,-0.08435453958696776,1,0
C19-046,L19,NORMAL,-0.12113195812918598,1,0
C10-063,L10,NORMAL,-0.13770006152135472,1,0
C30-026,L30,NORMAL,-0.10487416834740804,1,0
C35-017,L35,NORMAL,-0.120046514096948,1,0
C31-080,L31,NORMAL,-0.12651389314835892,1,0
C38-080,L38,NORMAL,-0.12402734582978464,1,0
C22-006,L22,NORMAL,-0.05911717608183287,1,0
C50-054,L50,NORMAL,-0.09277570075984393,1,0
C29-078,L29,NORMAL,-0.057475713863334,1,0
C41-011,L41,NORMAL,-0.11772314422762753,1,0
C06-020,L06,NORMAL,-0.09973473331617522,1,0
C08-068,L08,NORMAL,-0.0696717736507389,1,0
C47-040,L47,LATENT_DEFECT,0.024502811705003458,-1,1
C50-064,L50,NORMAL,-0.09602076592218584,1,0
C11-050,L11,NORMAL,-0.0952258652950344,1,0
C45-038,L45,NORMAL,-0.11199761976434575,1,0
C40-004,L40,NORMAL,-0.09495770563689826,1,0
C30-002,L30,NORMAL,-0.10866116366632539,1,0
C08-052,L08,NORMAL,-0.07611418037978762,1,0
C25-053,L25,NORMAL,-0.10885284056125255,1,0
C17-073,L17,NORMAL,-0.11470095549386472,1,0
C48-037,L48,NORMAL,-0.1052494345645425,1,0
C35-037,L35,NORMAL,-0.10039542617723407,1,0
C10-091,L10,NORMAL,-0.07630857604868857,1,0
C46-037,L46,NORMAL,-0.12601593344574036,1,0
C42-062,L42,NORMAL,-0.07264704378620535,1,0
C10-099,L10,NORMAL,-0.12673390863060202,1,0
C35-086,L35,NORMAL,-0.11274231412387703,1,0
C06-011,L06,NORMAL,-0.11658944153141476,1,0
C22-076,L22,NORMAL,-0.09494006611622063,1,0
C10-036,L10,OBVIOUS_FAILURE,0.24872438982872125,-1,1
C16-051,L16,NORMAL,-0.10748406132914529,1,0
C06-028,L06,NORMAL,-0.13208742666606765,1,0
C08-066,L08,LATENT_DEFECT,0.05925940642695371,-1,1
C48-007,L48,NORMAL,-0.061497593440421494,1,0
C06-077,L06,LATENT_DEFECT,0.016972690793590317,-1,1
C38-031,L38,NORMAL,-0.04394966100159681,1,0
C25-016,L25,NORMAL,-0.09099082820503174,1,0
C10-008,L10,NORMAL,-0.121425301800963,1,0
C22-039,L22,NORMAL,-0.047756111191645856,1,0
C25-078,L25,NORMAL,-0.08340355202836208,1,0
C18-045,L18,NORMAL,-0.13666017303895117,1,0
C29-038,L29,NORMAL,-0.0577234413421841,1,0
C33-019,L33,LATENT_DEFECT,0.05621893133966305,-1,1
C28-071,L28,NORMAL,-0.10996762145012873,1,0
C31-008,L31,NORMAL,-0.1136309050386331,1,0
C27-093,L27,NORMAL,-0.13752195600501493,1,0
C40-056,L40,NORMAL,-0.11098625751645264,1,0
C22-035,L22,LATENT_DEFECT,0.03739126738982068,-1,1
C48-029,L48,NORMAL,-0.12031468689772185,1,0
C24-059,L24,LATENT_DEFECT,0.06727679751460025,-1,1
C30-068,L30,NORMAL,-0.11963602073847368,1,0
C19-045,L19,LATENT_DEFECT,0.0041918908386215925,-1,1
C05-100,L05,LATENT_DEFECT,0.033940012754360316,-1,1
C41-071,L41,NORMAL,-0.051274306245406964,1,0
C24-054,L24,NORMAL,-0.11307829803470465,1,0
C18-002,L18,NORMAL,-0.11514690952640666,1,0
C33-013,L33,NORMAL,-0.11421067353769715,1,0
C25-075,L25,NORMAL,-0.08690223588436752,1,0
C42-066,L42,NORMAL,-0.054801580508568926,1,0
C06-032,L06,NORMAL,-0.05602744908305185,1,0
C22-007,L22,NORMAL,-0.08641266481593007,1,0
C29-092,L29,NORMAL,-0.07886846488331917,1,0
C30-073,L30,NORMAL,-0.11762914778550998,1,0
C31-010,L31,NORMAL,-0.12422688057225173,1,0
C42-027,L42,NORMAL,-0.1273571090300472,1,0
C24-064,L24,NORMAL,-0.09364931717180935,1,0
C48-041,L48,LATENT_DEFECT,0.03214553444294521,-1,1
C31-030,L31,NORMAL,-0.12457555915843743,1,0
C30-097,L30,NORMAL,-0.12570785125217127,1,0
C05-005,L05,NORMAL,-0.07556899436381198,1,0
C41-007,L41,NORMAL,-0.11735472449801926,1,0
C26-037,L26,NORMAL,-0.07125305106196994,1,0
C44-033,L44,OBVIOUS_FAILURE,0.1922785372572251,-1,1
C43-096,L43,NORMAL,-0.11584431114175808,1,0
C27-008,L27,NORMAL,-0.12415009921609638,1,0
C24-069,L24,NORMAL,-0.09646184928894269,1,0
C22-082,L22,NORMAL,-0.08743613260749722,1,0
C41-084,L41,NORMAL,-0.10975940385686267,1,0
C33-015,L33,NORMAL,-0.10442602412753854,1,0
C21-098,L21,NORMAL,-0.0873921533707861,1,0
C26-004,L26,NORMAL,-0.09955366190167159,1,0
C40-096,L40,NORMAL,-0.10895066578910079,1,0
C26-092,L26,NORMAL,-0.09716966158777085,1,0
C50-017,L50,NORMAL,-0.10540106285998685,1,0
C29-068,L29,NORMAL,-0.10138365165656144,1,0
C24-079,L24,NORMAL,-0.10319579964773379,1,0
C44-048,L44,NORMAL,-0.1294094101592208,1,0
C19-095,L19,NORMAL,-0.11764704534911635,1,0
C10-065,L10,NORMAL,-0.08488813939584633,1,0
C47-054,L47,NORMAL,-0.12267692366615901,1,0
C46-004,L46,NORMAL,-0.11831712173745318,1,0
C43-019,L43,NORMAL,-0.11425781613499009,1,0
C29-061,L29,LATENT_DEFECT,0.061064441330691666,-1,1
C33-020,L33,NORMAL,-0.09110233332116341,1,0
C47-094,L47,NORMAL,-0.09885372974504342,1,0
C06-013,L06,NORMAL,-0.08298593364390333,1,0
C21-037,L21,NORMAL,-0.10649448726770055,1,0
C48-089,L48,NORMAL,-0.11134573195268971,1,0
C19-001,L19,NORMAL,-0.1347583675132552,1,0
C24-093,L24,NORMAL,-0.09021181163392644,1,0
C24-099,L24,NORMAL,-0.04074041839325654,1,0
C17-042,L17,NORMAL,-0.11208367728838609,1,0
C45-080,L45,NORMAL,-0.0933410155984783,1,0
C42-022,L42,LATENT_DEFECT,0.05648337061433906,-1,1
C39-003,L39,NORMAL,-0.11555250407546974,1,0
C11-010,L11,LATENT_DEFECT,0.023588761463755104,-1,1
C11-098,L11,NORMAL,-0.10193734291842271,1,0
C41-029,L41,NORMAL,-0.11336009358421584,1,0
C19-082,L19,NORMAL,-0.1321974745861319,1,0
C42-067,L42,NORMAL,-0.08831846771973417,1,0
C45-084,L45,NORMAL,-0.12821049488355596,1,0
C11-019,L11,NORMAL,-0.09725561070938132,1,0
C22-058,L22,NORMAL,-0.11267825198952663,1,0
C17-068,L17,NORMAL,-0.09763729104749863,1,0
C38-029,L38,NORMAL,-0.14365433871145789,1,0
C47-016,L47,NORMAL,-0.07875083677467776,1,0
C05-024,L05,NORMAL,-0.07315927494896313,1,0
C28-021,L28,NORMAL,-0.12833900423966488,1,0
C29-045,L29,NORMAL,-0.06868796727369586,1,0
C18-020,L18,NORMAL,-0.13898396012563313,1,0
C05-001,L05,NORMAL,-0.07655092110685385,1,0
C45-081,L45,NORMAL,-0.12336646183167349,1,0
C47-036,L47,NORMAL,-0.08545730123783163,1,0
C41-078,L41,NORMAL,-0.1099385446088253,1,0
C45-062,L45,OBVIOUS_FAILURE,0.18956675183483807,-1,1
C22-004,L22,LATENT_DEFECT,0.07106180224498249,-1,1
C24-084,L24,NORMAL,-0.11027144566041369,1,0
C40-092,L40,NORMAL,-0.11075731364663916,1,0
C43-004,L43,NORMAL,-0.11529432003886125,1,0
C40-083,L40,NORMAL,-0.0983512755704396,1,0
C39-018,L39,NORMAL,-0.117293920521096,1,0
C42-014,L42,LATENT_DEFECT,0.04937481346920036,-1,1
C19-083,L19,NORMAL,-0.1064768759904649,1,0
C10-057,L10,NORMAL,-0.12743483903863978,1,0
C41-015,L41,NORMAL,-0.10482057675835071,1,0
C39-096,L39,NORMAL,-0.07083901654881447,1,0
C08-082,L08,NORMAL,-0.06726479002055102,1,0
C47-064,L47,NORMAL,-0.0916188217345335,1,0
C43-013,L43,NORMAL,-0.09773696134109122,1,0
C33-050,L33,NORMAL,-0.10785947334854418,1,0
C21-011,L21,NORMAL,-0.09914405553643624,1,0
C24-038,L24,NORMAL,-0.1233839692937328,1,0
C31-019,L31,NORMAL,-0.06373140386062226,1,0
C16-063,L16,NORMAL,-0.11512056394794723,1,0
C25-014,L25,NORMAL,-0.08072126662731599,1,0
C46-073,L46,NORMAL,-0.0923799455707151,1,0
C25-093,L25,NORMAL,-0.10603649867397935,1,0
C31-048,L31,NORMAL,-0.10849641690046258,1,0
C42-050,L42,NORMAL,-0.08853513824473613,1,0
C41-073,L41,NORMAL,-0.11231881010557881,1,0
C30-034,L30,NORMAL,-0.08227093261400731,1,0
C18-046,L18,LATENT_DEFECT,0.006793082831042518,-1,1
C11-043,L11,NORMAL,-0.08455779435587435,1,0
C44-028,L44,NORMAL,-0.10916767132564481,1,0
C35-045,L35,NORMAL,-0.09650015847882076,1,0
C43-042,L43,NORMAL,-0.13359572143174386,1,0
C22-003,L22,NORMAL,-0.12136233372450428,1,0
C39-077,L39,LATENT_DEFECT,-0.02020992939786509,1,0
C25-067,L25,NORMAL,-0.07464843376895802,1,0
C29-013,L29,NORMAL,-0.10510050272484761,1,0
C26-023,L26,LATENT_DEFECT,0.051659675468799904,-1,1
C33-087,L33,NORMAL,-0.06796688399756584,1,0
C25-079,L25,NORMAL,-0.1248600942033018,1,0
C21-049,L21,NORMAL,-0.060822348250925806,1,0
C39-097,L39,NORMAL,-0.12341848144165746,1,0
C35-048,L35,NORMAL,-0.11072906721454234,1,0
C29-090,L29,NORMAL,-0.07877652105147265,1,0
C30-078,L30,NORMAL,-0.1173274699499493,1,0
C06-038,L06,NORMAL,-0.09697324708404098,1,0
C26-091,L26,NORMAL,-0.11673327874244199,1,0
C28-061,L28,NORMAL,-0.09247242523812116,1,0
C22-034,L22,NORMAL,-0.08921111832144007,1,0
C35-094,L35,NORMAL,-0.08785324015058071,1,0
C39-004,L39,NORMAL,-0.09050229890049233,1,0
C05-064,L05,NORMAL,-0.07301057404613592,1,0
C26-030,L26,NORMAL,-0.08161553589411252,1,0
C06-053,L06,OBVIOUS_FAILURE,0.18709971305687145,-1,1
C46-002,L46,LATENT_DEFECT,0.0004532292584953357,-1,1
C32-096,L32,NORMAL,-0.11939402115335801,1,0
C19-031,L19,NORMAL,-0.09654631890487159,1,0
C29-044,L29,NORMAL,-0.09222266154863912,1,0
C39-053,L39,NORMAL,-0.11285747213556013,1,0
C28-016,L28,NORMAL,-0.128360408734502,1,0
C25-077,L25,NORMAL,-0.09034122893248242,1,0
C28-066,L28,NORMAL,-0.122142267313252,1,0
C30-077,L30,NORMAL,-0.07117429880477383,1,0
C30-074,L30,NORMAL,-0.13312079681784778,1,0
C21-091,L21,NORMAL,-0.07258870460462236,1,0
C42-096,L42,NORMAL,-0.08661211896451615,1,0
C11-094,L11,NORMAL,-0.06360010677740696,1,0
C16-078,L16,NORMAL,-0.12479775014161182,1,0
C04-042,L04,NORMAL,-0.06337217342835089,1,0
C39-078,L39,NORMAL,-0.11457563320611702,1,0
C25-100,L25,NORMAL,-0.08132538833611058,1,0
C39-068,L39,NORMAL,-0.07945112445305713,1,0
C06-044,L06,NORMAL,-0.09765633410170244,1,0
C22-025,L22,NORMAL,-0.050449825779644464,1,0
C39-042,L39,NORMAL,-0.0637499420390904,1,0
C26-024,L26,NORMAL,-0.07277286931447463,1,0
C24-014,L24,NORMAL,-0.11003179109652123,1,0
C06-062,L06,NORMAL,-0.11112283267179579,1,0
C24-036,L24,NORMAL,-0.10598247542951489,1,0
C18-035,L18,NORMAL,-0.10160575585784543,1,0
C42-005,L42,NORMAL,-0.08684019499099943,1,0
C40-046,L40,NORMAL,-0.08993575677381799,1,0
C31-053,L31,NORMAL,-0.0726242297044834,1,0
C26-003,L26,OBVIOUS_FAILURE,0.2148738154473998,-1,1
C08-041,L08,NORMAL,-0.0751124063461931,1,0
C26-056,L26,LATENT_DEFECT,0.010619450266490138,-1,1
C17-049,L17,NORMAL,-0.07371787735896573,1,0
C44-091,L44,NORMAL,-0.12295843648256832,1,0
C10-081,L10,NORMAL,-0.12857338145136632,1,0
C24-089,L24,NORMAL,-0.09667519797123741,1,0
C30-061,L30,NORMAL,-0.1038617509019214,1,0
C27-066,L27,NORMAL,-0.12948175381912913,1,0
C17-084,L17,NORMAL,-0.11647512492815715,1,0
C50-031,L50,LATENT_DEFECT,0.03732345836079176,-1,1
C26-051,L26,LATENT_DEFECT,0.04259635315762367,-1,1
C38-003,L38,NORMAL,-0.08791271499325509,1,0
C47-030,L47,NORMAL,-0.09953060634485916,1,0
C39-091,L39,NORMAL,-0.04045448749735475,1,0
C33-095,L33,NORMAL,-0.11338314985245074,1,0
C32-003,L32,NORMAL,-0.11382137788180252,1,0
C39-027,L39,NORMAL,-0.10464122132704862,1,0
C38-016,L38,NORMAL,-0.13313457320586575,1,0
C46-036,L46,NORMAL,-0.09593561597483247,1,0
C30-004,L30,NORMAL,-0.13067261638579802,1,0
C27-059,L27,NORMAL,-0.13205684837141674,1,0
C22-028,L22,NORMAL,-0.09939145041142128,1,0
C16-027,L16,NORMAL,-0.13414440061089594,1,0
C08-048,L08,NORMAL,-0.06907090497822654,1,0
C35-042,L35,LATENT_DEFECT,0.050363253226258675,-1,1
C44-085,L44,NORMAL,-0.11563593492960728,1,0
C19-080,L19,NORMAL,-0.1074246397825449,1,0
C45-017,L45,NORMAL,-0.13581588842675568,1,0
C27-014,L27,LATENT_DEFECT,0.019580936733152865,-1,1
C19-012,L19,NORMAL,-0.11001916986277294,1,0
C33-097,L33,NORMAL,-0.09690178745475136,1,0
C16-033,L16,NORMAL,-0.11561614562541833,1,0
C41-074,L41,NORMAL,-0.12246121264281429,1,0
C10-046,L10,NORMAL,-0.11985252569658966,1,0
C16-018,L16,LATENT_DEFECT,0.007236482209345252,-1,1
C45-086,L45,NORMAL,-0.07093542113013207,1,0
C26-076,L26,NORMAL,-0.10234544637876725,1,0
C32-054,L32,NORMAL,-0.10420707177343469,1,0
C38-083,L38,NORMAL,-0.12458576286983325,1,0
C48-069,L48,NORMAL,-0.09413085322644732,1,0
C33-011,L33,NORMAL,-0.07793523673780117,1,0
C29-024,L29,NORMAL,-0.0836241074725278,1,0
C08-054,L08,NORMAL,-0.061496170003581097,1,0
C24-033,L24,NORMAL,-0.12223384729697961,1,0
C16-014,L16,NORMAL,-0.12045509801278215,1,0
C32-019,L32,NORMAL,-0.12701111321177078,1,0
C25-039,L25,NORMAL,-0.06526053613545862,1,0
C32-058,L32,NORMAL,-0.10437234296386921,1,0
C30-047,L30,NORMAL,-0.10582693028314916,1,0
C35-024,L35,NORMAL,-0.11019943332310822,1,0
C04-058,L04,OBVIOUS_FAILURE,0.2500754925598634,-1,1
C50-050,L50,NORMAL,-0.11118829287339166,1,0
C32-029,L32,NORMAL,-0.08306180129817065,1,0
C40-068,L40,NORMAL,-0.10272299624370507,1,0
C44-022,L44,NORMAL,-0.12824184691287077,1,0
C39-024,L39,NORMAL,-0.11191393735536886,1,0
C40-007,L40,NORMAL,-0.11945692030962479,1,0
C41-004,L41,NORMAL,-0.1333559969102972,1,0
C47-087,L47,LATENT_DEFECT,0.037088899573565204,-1,1
C35-090,L35,LATENT_DEFECT,0.03477538258789081,-1,1
C26-022,L26,LATENT_DEFECT,0.02667715548958005,-1,1
C11-061,L11,LATENT_DEFECT,0.04850020371509811,-1,1
C17-008,L17,NORMAL,-0.11730692709032237,1,0
C35-055,L35,NORMAL,-0.08774022037809398,1,0
C10-025,L10,NORMAL,-0.1187670299657127,1,0
C21-094,L21,NORMAL,-0.08993329331598093,1,0
C16-048,L16,NORMAL,-0.11724904284497423,1,0
C04-073,L04,NORMAL,-0.07017546296891847,1,0
C33-078,L33,NORMAL,-0.0919211218919575,1,0
C26-068,L26,NORMAL,-0.1133118818231561,1,0
C25-041,L25,NORMAL,-0.08314000344481831,1,0
C21-006,L21,NORMAL,-0.09770165810394177,1,0
C16-021,L16,NORMAL,-0.13112983521484056,1,0
C31-041,L31,OBVIOUS_FAILURE,0.15054230312425143,-1,1
C28-056,L28,NORMAL,-0.12991185424241564,1,0
C11-054,L11,NORMAL,-0.1008265604587063,1,0
C35-028,L35,NORMAL,-0.07951624619974734,1,0
C41-054,L41,NORMAL,-0.12653021897988248,1,0
C46-092,L46,NORMAL,-0.12304227539166307,1,0
C31-026,L31,NORMAL,-0.0969387954434065,1,0
C19-099,L19,LATENT_DEFECT,0.023325454584533833,-1,1
C28-089,L28,NORMAL,-0.0920283155787584,1,0
C31-081,L31,NORMAL,-0.11022910312792095,1,0
C28-007,L28,NORMAL,-0.09352395972250233,1,0
C47-004,L47,NORMAL,-0.09389216316467663,1,0
C50-081,L50,NORMAL,-0.07824822302418516,1,0
C42-053,L42,OBVIOUS_FAILURE,0.16385368081674057,-1,1
C39-020,L39,NORMAL,-0.09376522829308259,1,0
C10-041,L10,NORMAL,-0.12579580586475886,1,0
C11-009,L11,NORMAL,-0.0999244879567257,1,0
C22-001,L22,NORMAL,-0.11624968882094183,1,0
C11-090,L11,NORMAL,-0.09195025774259474,1,0
C44-042,L44,NORMAL,-0.12639427783187374,1,0
C16-050,L16,NORMAL,-0.13468648499095526,1,0
C46-091,L46,NORMAL,-0.09736893166636484,1,0
C32-043,L32,NORMAL,-0.11082566801801741,1,0
C48-076,L48,NORMAL,-0.07948991570510439,1,0
C43-091,L43,NORMAL,-0.124238603484848,1,0
C28-052,L28,NORMAL,-0.07462287253458694,1,0
C16-061,L16,NORMAL,-0.12844888402007304,1,0
C16-031,L16,NORMAL,-0.1233458407300787,1,0
C29-032,L29,NORMAL,-0.06604715753306206,1,0
C32-016,L32,NORMAL,-0.0875855680400322,1,0
C25-051,L25,NORMAL,-0.09128654545051634,1,0
C10-083,L10,NORMAL,-0.13106376283665838,1,0
C50-029,L50,NORMAL,-0.11437058382488957,1,0
C44-090,L44,NORMAL,-0.13312711061961285,1,0
C27-010,L27,NORMAL,-0.07945563318854232,1,0
C39-044,L39,NORMAL,-0.10577173844106869,1,0
C35-070,L35,NORMAL,-0.11483574171796845,1,0
C32-088,L32,NORMAL,-0.10944847219786996,1,0
C18-057,L18,NORMAL,-0.12646660490003186,1,0
C24-026,L24,NORMAL,-0.08522865203200353,1,0
C22-091,L22,NORMAL,-0.11019378380967215,1,0
C30-008,L30,NORMAL,-0.1199303929411697,1,0
C11-031,L11,NORMAL,-0.08938099720682696,1,0
C38-049,L38,OBVIOUS_FAILURE,0.1508738806110006,-1,1
C04-050,L04,NORMAL,-0.09510534044328062,1,0
C42-077,L42,NORMAL,-0.08031771042118274,1,0
C18-059,L18,NORMAL,-0.12308699881156876,1,0
C35-027,L35,NORMAL,-0.11942005831596791,1,0
C21-073,L21,NORMAL,-0.08239640016331895,1,0
C17-020,L17,NORMAL,-0.08172561285720736,1,0
C28-025,L28,NORMAL,-0.07690349833486115,1,0
C48-092,L48,NORMAL,-0.10156222831005379,1,0
C41-031,L41,LATENT_DEFECT,0.006868275130372692,-1,1
C35-089,L35,NORMAL,-0.06749324420413122,1,0
C32-015,L32,LATENT_DEFECT,-0.02826331545348798,1,0
C39-094,L39,NORMAL,-0.07775511173717514,1,0
C29-079,L29,OBVIOUS_FAILURE,0.15196352284120862,-1,1
C41-010,L41,NORMAL,-0.10317618440073495,1,0
C26-055,L26,NORMAL,-0.0881597059952664,1,0
C40-086,L40,LATENT_DEFECT,0.02305622135709373,-1,1
C46-056,L46,OBVIOUS_FAILURE,0.20731050023549835,-1,1
C39-014,L39,LATENT_DEFECT,0.041143108389189886,-1,1
C35-011,L35,NORMAL,-0.1041066917406348,1,0
C25-071,L25,NORMAL,-0.09015650820080096,1,0
C35-099,L35,LATENT_DEFECT,-0.0020913560275844234,1,0
C40-008,L40,NORMAL,-0.11528886189597753,1,0
C22-096,L22,NORMAL,-0.1130882516976322,1,0
C27-078,L27,NORMAL,-0.11044805518403866,1,0
C45-067,L45,NORMAL,-0.12237461287008872,1,0
C48-070,L48,NORMAL,-0.10324621065560613,1,0
C06-098,L06,NORMAL,-0.07897593315152507,1,0
C28-043,L28,NORMAL,-0.12733353026259653,1,0
C24-065,L24,NORMAL,-0.10442786835857065,1,0
C46-077,L46,NORMAL,-0.10314508901778058,1,0
C19-059,L19,NORMAL,-0.11532201496283656,1,0
C43-083,L43,NORMAL,-0.11073298610271542,1,0
C40-018,L40,NORMAL,-0.09084130387482703,1,0
C27-003,L27,LATENT_DEFECT,0.018195977718644785,-1,1
C33-018,L33,LATENT_DEFECT,0.07330576657878185,-1,1
C24-087,L24,NORMAL,-0.030262031268005807,1,0
C08-050,L08,LATENT_DEFECT,0.04238054083430409,-1,1
C31-065,L31,LATENT_DEFECT,0.018067582833030893,-1,1
C16-044,L16,NORMAL,-0.13175518565865363,1,0
C44-052,L44,NORMAL,-0.12658780836955907,1,0
C47-062,L47,NORMAL,-0.10431124356127275,1,0
C16-070,L16,OBVIOUS_FAILURE,0.13272636303333374,-1,1
C40-087,L40,NORMAL,-0.09473954377571947,1,0
C43-068,L43,NORMAL,-0.0897350334392304,1,0
C31-049,L31,NORMAL,-0.1246370088474349,1,0
C22-080,L22,NORMAL,-0.10225056611259631,1,0
C44-031,L44,NORMAL,-0.11765571277529852,1,0
C47-006,L47,NORMAL,-0.09046003184319257,1,0
C42-069,L42,NORMAL,-0.11920626762957909,1,0
C43-095,L43,NORMAL,-0.11310568572267321,1,0
C32-081,L32,NORMAL,-0.1019867986321148,1,0
C25-058,L25,LATENT_DEFECT,0.06508427853915277,-1,1
C17-087,L17,NORMAL,-0.1229579876784071,1,0
C46-043,L46,NORMAL,-0.10770351420962582,1,0
C05-041,L05,NORMAL,-0.0784010137513152,1,0
C17-089,L17,NORMAL,-0.11878720004045795,1,0
C08-024,L08,NORMAL,-0.08024405438225735,1,0
C38-078,L38,LATENT_DEFECT,0.0533230642891952,-1,1
C17-015,L17,NORMAL,-0.053739810310209524,1,0
C45-095,L45,OBVIOUS_FAILURE,0.23907532801713627,-1,1
C35-029,L35,NORMAL,-0.09299461276737042,1,0
C32-014,L32,NORMAL,-0.11439135875207135,1,0
C28-019,L28,NORMAL,-0.1218287623577951,1,0
C40-077,L40,NORMAL,-0.12634374882162114,1,0
C26-084,L26,NORMAL,-0.10250238003978668,1,0
C16-019,L16,NORMAL,-0.10505375602003558,1,0
C10-007,L10,NORMAL,-0.11951665010826928,1,0
C28-002,L28,NORMAL,-0.10174754869030611,1,0
C28-024,L28,NORMAL,-0.09685776965614512,1,0
C48-027,L48,LATENT_DEFECT,-0.011327726238081315,1,0
C43-078,L43,LATENT_DEFECT,-0.01752892962868363,1,0
C33-025,L33,NORMAL,-0.10239357143210065,1,0
C10-098,L10,NORMAL,-0.12033624547558242,1,0
C47-068,L47,NORMAL,-0.07924631271920224,1,0
C08-043,L08,NORMAL,-0.0457969294607522,1,0
C35-077,L35,OBVIOUS_FAILURE,0.16463583397599835,-1,1
C41-051,L41,NORMAL,-0.12736726368723067,1,0
C17-083,L17,NORMAL,-0.0866476454687885,1,0
C25-024,L25,NORMAL,-0.05123785374011408,1,0
C32-013,L32,NORMAL,-0.13447490943922896,1,0
C50-051,L50,NORMAL,-0.08155646739979228,1,0
C08-004,L08,NORMAL,-0.07883003276134143,1,0
C43-060,L43,NORMAL,-0.09685478175531553,1,0
C33-064,L33,NORMAL,-0.1250590072171175,1,0
C16-065,L16,LATENT_DEFECT,0.01812668629100278,-1,1
C22-078,L22,LATENT_DEFECT,0.011935582304026693,-1,1
C24-045,L24,NORMAL,-0.10945980595277516,1,0
C44-079,L44,NORMAL,-0.11334598263842766,1,0
C32-005,L32,NORMAL,-0.07395267446496562,1,0
C39-037,L39,OBVIOUS_FAILURE,0.2631754693391771,-1,1
C32-011,L32,NORMAL,-0.11581983830214643,1,0
C04-085,L04,NORMAL,-0.10906460711754862,1,0
C40-090,L40,NORMAL,-0.12365324056597343,1,0
C19-042,L19,NORMAL,-0.04296042136361217,1,0
C19-062,L19,NORMAL,-0.1003426982104974,1,0
C18-042,L18,NORMAL,-0.11768606060764808,1,0
C30-045,L30,NORMAL,-0.1141943735925895,1,0
C42-072,L42,NORMAL,-0.11493570243787998,1,0
C35-013,L35,NORMAL,-0.09124050025433744,1,0
C39-029,L39,NORMAL,-0.11309499904621578,1,0
C40-064,L40,NORMAL,-0.1281764725242045,1,0
C06-091,L06,NORMAL,-0.09279616711214222,1,0
C39-019,L39,NORMAL,-0.11097360876355616,1,0
C27-039,L27,NORMAL,-0.08839829337268423,1,0
C16-005,L16,NORMAL,-0.13105884036815868,1,0
C47-013,L47,OBVIOUS_FAILURE,0.15723330094834387,-1,1
C19-017,L19,NORMAL,-0.08859426860713393,1,0
C29-014,L29,NORMAL,-0.12437338662778769,1,0
C33-048,L33,NORMAL,-0.09004223822737084,1,0
C21-100,L21,NORMAL,-0.09512405851580613,1,0
C21-089,L21,OBVIOUS_FAILURE,0.11973181444524927,-1,1
C39-061,L39,NORMAL,-0.0747439360642273,1,0
C44-050,L44,LATENT_DEFECT,-0.008077342902643558,1,0
C18-022,L18,NORMAL,-0.1236812077189483,1,0
C29-070,L29,NORMAL,-0.09594037738229855,1,0
C48-003,L48,NORMAL,-0.12089472966696246,1,0
C43-037,L43,NORMAL,-0.10213583598086196,1,0
C43-074,L43,NORMAL,-0.12305742748488419,1,0
C25-003,L25,NORMAL,-0.05760058683672842,1,0
C21-001,L21,NORMAL,-0.09498664973780585,1,0
C43-036,L43,NORMAL,-0.13303849035019522,1,0
C04-019,L04,NORMAL,-0.12014451186270902,1,0
C10-094,L10,NORMAL,-0.10230413989876813,1,0
C22-026,L22,NORMAL,-0.07753004308284112,1,0
C26-005,L26,NORMAL,-0.1108347239793841,1,0
C30-099,L30,NORMAL,-0.09537476016545565,1,0
C28-075,L28,NORMAL,-0.07404784175867002,1,0
C42-025,L42,NORMAL,-0.07460030151930624,1,0
C33-030,L33,NORMAL,-0.06674705300438694,1,0
C46-011,L46,NORMAL,-0.10381102825668037,1,0
C11-085,L11,NORMAL,-0.1174424810088141,1,0
C41-024,L41,NORMAL,-0.11535971239045678,1,0
C16-088,L16,NORMAL,-0.141680699233466,1,0
C38-019,L38,NORMAL,-0.12901428845123353,1,0
C27-018,L27,NORMAL,-0.07874290812806428,1,0
C40-053,L40,OBVIOUS_FAILURE,0.19964449098345216,-1,1
C30-084,L30,NORMAL,-0.10371186281210076,1,0
C21-010,L21,NORMAL,-0.09648477952807066,1,0
C43-016,L43,NORMAL,-0.11952598411471854,1,0
C08-061,L08,NORMAL,-0.0578285099043776,1,0
C44-081,L44,NORMAL,-0.12742877607582165,1,0
C46-095,L46,NORMAL,-0.07423590903344285,1,0
C35-052,L35,NORMAL,-0.11682079796748984,1,0
C25-011,L25,NORMAL,-0.08313460954401031,1,0
C47-015,L47,NORMAL,-0.09538593084891767,1,0
C33-085,L33,NORMAL,-0.12336739957539372,1,0
C29-026,L29,NORMAL,-0.0815643440954043,1,0
C33-008,L33,NORMAL,-0.05603884212575505,1,0
C08-045,L08,NORMAL,-0.04900842958978174,1,0
C19-087,L19,NORMAL,-0.11065075680003211,1,0
C39-009,L39,NORMAL,-0.10102746164889687,1,0
C17-044,L17,OBVIOUS_FAILURE,0.1922328748126726,-1,1
C30-032,L30,NORMAL,-0.12854178861316728,1,0
C39-081,L39,NORMAL,-0.075619122518443,1,0
C05-014,L05,NORMAL,-0.06968937287527349,1,0
C26-038,L26,NORMAL,-0.08450913825797363,1,0
C26-099,L26,NORMAL,-0.11593614121626322,1,0
C24-042,L24,NORMAL,-0.10678685976652319,1,0
C22-043,L22,NORMAL,-0.09771753501154562,1,0
C46-046,L46,NORMAL,-0.1180623549216705,1,0
C24-017,L24,NORMAL,-0.12308125591390062,1,0
C22-099,L22,NORMAL,-0.12247733622778356,1,0
C04-086,L04,LATENT_DEFECT,0.04235351942763177,-1,1
C39-017,L39,LATENT_DEFECT,0.02784613551368187,-1,1
C25-082,L25,NORMAL,-0.10595140518539659,1,0
C45-027,L45,NORMAL,-0.08459580451187854,1,0
C16-069,L16,NORMAL,-0.13448115938504285,1,0
C21-015,L21,NORMAL,-0.07405890905177903,1,0
C05-029,L05,NORMAL,-0.09765266999084221,1,0
C25-065,L25,LATENT_DEFECT,0.0715431010315819,-1,1
C50-002,L50,NORMAL,-0.0901138713141354,1,0
C27-089,L27,NORMAL,-0.07169361533716412,1,0
C18-092,L18,NORMAL,-0.12664524852735726,1,0
C38-022,L38,NORMAL,-0.12268758821612302,1,0
C25-060,L25,NORMAL,-0.04371535786087499,1,0
C08-008,L08,NORMAL,-0.04456189178805792,1,0
C08-084,L08,NORMAL,-0.07790137119418183,1,0
C05-051,L05,NORMAL,-0.07377136485957642,1,0
C25-018,L25,NORMAL,-0.08436817782454331,1,0
C26-052,L26,NORMAL,-0.11901642762633091,1,0
C27-064,L27,NORMAL,-0.1290601467125957,1,0
C44-087,L44,NORMAL,-0.14120790541983186,1,0
C10-027,L10,NORMAL,-0.12040507775853093,1,0
C10-095,L10,NORMAL,-0.10530581828004426,1,0
C24-008,L24,NORMAL,-0.07750970502779425,1,0
C31-028,L31,NORMAL,-0.12793556187104255,1,0
C33-075,L33,NORMAL,-0.09716815593751232,1,0
C24-009,L24,NORMAL,-0.1116289469194926,1,0
C41-077,L41,LATENT_DEFECT,0.00470900428968557,-1,1
C43-031,L43,LATENT_DEFECT,-0.01170614267997061,1,0
C48-020,L48,NORMAL,-0.10752613997282778,1,0
C27-034,L27,NORMAL,-0.11628811096180941,1,0
C24-040,L24,NORMAL,-0.07061079758674732,1,0
C29-029,L29,NORMAL,-0.07720007064715956,1,0
C40-048,L40,NORMAL,-0.08263123842005415,1,0
C06-076,L06,NORMAL,-0.06429085258698031,1,0
C10-090,L10,NORMAL,-0.11521928379132329,1,0
C28-072,L28,NORMAL,-0.11534266841501756,1,0
C24-030,L24,NORMAL,-0.10162845064259146,1,0
C16-091,L16,NORMAL,-0.11183176839789338,1,0
C47-092,L47,NORMAL,-0.08974859462690243,1,0
C38-043,L38,NORMAL,-0.1060620550527327,1,0
C27-087,L27,NORMAL,-0.09454924632481793,1,0
C39-032,L39,LATENT_DEFECT,0.051756312941615534,-1,1
C40-081,L40,OBVIOUS_FAILURE,0.22800374469097362,-1,1
C50-044,L50,NORMAL,-0.09085946913378479,1,0
C21-059,L21,NORMAL,-0.08528374650750142,1,0
C05-019,L05,OBVIOUS_FAILURE,0.20304528748028627,-1,1
C21-025,L21,NORMAL,-0.09169418457401807,1,0
C39-063,L39,NORMAL,-0.10650259389706102,1,0
C06-082,L06,NORMAL,-0.099688001480005,1,0
C41-008,L41,NORMAL,-0.12352049739295029,1,0
C25-017,L25,NORMAL,-0.12996013910318838,1,0
C42-065,L42,NORMAL,-0.10255048000745348,1,0
C19-069,L19,NORMAL,-0.12245039773052852,1,0
C28-063,L28,NORMAL,-0.12855092474469937,1,0
C47-005,L47,NORMAL,-0.07394671687883325,1,0
C32-010,L32,LATENT_DEFECT,0.0035384151876529657,-1,1
C16-020,L16,NORMAL,-0.07476900354045496,1,0
C43-073,L43,NORMAL,-0.10541144295757232,1,0
C05-056,L05,NORMAL,-0.056641907738650576,1,0
C33-065,L33,NORMAL,-0.1020804848430727,1,0
C08-005,L08,NORMAL,-0.07649746678874997,1,0
C41-028,L41,NORMAL,-0.0912302534261577,1,0
C44-075,L44,NORMAL,-0.09571549989373052,1,0
C45-052,L45,NORMAL,-0.10750936062923283,1,0
C50-097,L50,NORMAL,-0.09419970778651776,1,0
C45-045,L45,NORMAL,-0.10515555768135137,1,0
C25-008,L25,NORMAL,-0.10111987246024279,1,0
C30-092,L30,NORMAL,-0.11562716540917989,1,0
C11-076,L11,NORMAL,-0.11993115152603218,1,0
C35-093,L35,NORMAL,-0.11951457381820196,1,0
C47-069,L47,NORMAL,-0.06812454249840355,1,0
C45-060,L45,NORMAL,-0.08511255689837682,1,0
C24-100,L24,NORMAL,-0.09503566186442591,1,0
C31-057,L31,NORMAL,-0.10038166177730246,1,0
C30-048,L30,LATENT_DEFECT,0.0340184652513289,-1,1
C44-011,L44,NORMAL,-0.0972806420171704,1,0
C33-068,L33,NORMAL,-0.10654784184228566,1,0
C18-044,L18,NORMAL,-0.1329832296702415,1,0
C29-037,L29,LATENT_DEFECT,0.016495066008620163,-1,1
C06-070,L06,NORMAL,-0.0815693595381346,1,0
C16-030,L16,NORMAL,-0.06547247963913616,1,0
C21-034,L21,NORMAL,-0.0922330412614279,1,0
C41-072,L41,NORMAL,-0.09234732425360725,1,0
C06-087,L06,NORMAL,-0.10203677707659475,1,0
C25-027,L25,NORMAL,-0.08563323089358565,1,0
C40-088,L40,NORMAL,-0.11740446882353639,1,0
C08-001,L08,NORMAL,-0.08151563595862238,1,0
C30-075,L30,NORMAL,-0.12808308835626364,1,0
C26-048,L26,NORMAL,-0.08888320100476049,1,0
C26-073,L26,OBVIOUS_FAILURE,0.22686977335128777,-1,1
C43-026,L43,NORMAL,-0.04797695341099123,1,0
C33-073,L33,NORMAL,-0.10664201390332678,1,0
C30-019,L30,NORMAL,-0.11716042498448859,1,0
C04-066,L04,OBVIOUS_FAILURE,0.15477207477769994,-1,1
C40-097,L40,NORMAL,-0.09430464032245023,1,0
C18-091,L18,NORMAL,-0.08756420633472345,1,0
C42-013,L42,NORMAL,-0.1042385888213761,1,0
C45-041,L45,NORMAL,-0.11896460903479467,1,0
C35-012,L35,NORMAL,-0.08125587412873114,1,0
C43-100,L43,NORMAL,-0.12537418029869402,1,0
C06-031,L06,NORMAL,-0.11946343575281981,1,0
C11-004,L11,NORMAL,-0.12162926556324904,1,0
C28-076,L28,NORMAL,-0.10084986413128172,1,0
C41-058,L41,NORMAL,-0.07601568147850685,1,0
C27-026,L27,NORMAL,-0.1194487551295837,1,0
C31-092,L31,NORMAL,-0.05372173905741223,1,0
C39-052,L39,NORMAL,-0.09753136783567079,1,0
C21-005,L21,NORMAL,-0.06535520938061468,1,0
C18-037,L18,NORMAL,-0.11290681169105232,1,0
C46-039,L46,NORMAL,-0.09070383819511751,1,0
C08-075,L08,LATENT_DEFECT,0.04841356355060644,-1,1
C29-028,L29,NORMAL,-0.0931533071840413,1,0
C39-074,L39,NORMAL,-0.1105699637755706,1,0
C41-025,L41,NORMAL,-0.12679348776827765,1,0
C19-040,L19,NORMAL,-0.11044619227143726,1,0
C25-022,L25,NORMAL,-0.07743045665716941,1,0
C44-041,L44,NORMAL,-0.11577164846266991,1,0
C17-052,L17,NORMAL,-0.10939578950462775,1,0
C04-100,L04,NORMAL,-0.07725435666934388,1,0
C27-044,L27,LATENT_DEFECT,-0.017163195055464764,1,0
C35-007,L35,NORMAL,-0.06505681137381208,1,0
C18-067,L18,NORMAL,-0.12822137704191677,1,0
C19-011,L19,NORMAL,-0.0856803728849877,1,0
C30-033,L30,NORMAL,-0.08297018035615339,1,0
C27-076,L27,NORMAL,-0.12197647554732277,1,0
C11-030,L11,NORMAL,-0.11040500230055816,1,0
C24-061,L24,NORMAL,-0.10428476212800802,1,0
C33-054,L33,NORMAL,-0.10685967392093781,1,0
C16-037,L16,NORMAL,-0.13502845654508844,1,0
C24-070,L24,NORMAL,-0.09496320794866175,1,0
C05-086,L05,NORMAL,-0.09184244833126787,1,0
C50-035,L50,NORMAL,-0.08019510247562123,1,0
C28-045,L28,NORMAL,-0.11642699252181926,1,0
C31-037,L31,NORMAL,-0.09478954080023694,1,0
C19-032,L19,NORMAL,-0.11921201405593523,1,0
C26-042,L26,NORMAL,-0.08744750252576305,1,0
C50-086,L50,NORMAL,-0.09844021793656765,1,0
C43-044,L43,NORMAL,-0.10517396539626173,1,0
C27-036,L27,NORMAL,-0.08657987499839831,1,0
C31-027,L31,LATENT_DEFECT,0.008142890720324814,-1,1
C48-025,L48,NORMAL,-0.11113048536755787,1,0
C24-074,L24,LATENT_DEFECT,0.03823714720600968,-1,1
C39-025,L39,NORMAL,-0.10648677873880635,1,0
C16-008,L16,NORMAL,-0.11119570612093166,1,0
C30-067,L30,NORMAL,-0.10812201152494161,1,0
C32-079,L32,NORMAL,-0.126439705181354,1,0
C05-052,L05,NORMAL,-0.07076044564585077,1,0
C29-076,L29,NORMAL,-0.0880583891447495,1,0
C40-011,L40,NORMAL,-0.13151172823302626,1,0
C30-038,L30,LATENT_DEFECT,0.019870920083370103,-1,1
C35-049,L35,NORMAL,-0.08320040359045083,1,0
C17-032,L17,LATENT_DEFECT,0.03171674480394071,-1,1
C45-046,L45,LATENT_DEFECT,-0.002557373173088906,1,0
C35-035,L35,NORMAL,-0.09722380692836075,1,0
C46-083,L46,OBVIOUS_FAILURE,0.1372750076656445,-1,1
C04-024,L04,NORMAL,-0.08912816953569502,1,0
C44-039,L44,NORMAL,-0.11753167228099065,1,0
C05-059,L05,OBVIOUS_FAILURE,0.24596081613684706,-1,1
C18-062,L18,NORMAL,-0.1256193014137576,1,0
C32-025,L32,NORMAL,-0.14403017335392443,1,0
C19-003,L19,OBVIOUS_FAILURE,0.15879654891527273,-1,1
C31-074,L31,NORMAL,-0.10971640862288556,1,0
C24-031,L24,NORMAL,-0.07490785408265282,1,0
C41-038,L41,NORMAL,-0.08812681161160535,1,0
C10-045,L10,NORMAL,-0.10656218592348576,1,0
C50-027,L50,NORMAL,-0.11435999366424765,1,0
C17-055,L17,NORMAL,-0.09641109018412097,1,0
C19-024,L19,NORMAL,-0.1296037827183114,1,0
C50-065,L50,NORMAL,-0.07989898848498705,1,0
C39-066,L39,NORMAL,-0.09799093341807313,1,0
C08-012,L08,NORMAL,-0.05916874734769778,1,0
C25-076,L25,NORMAL,-0.11330611103772648,1,0
C11-049,L11,NORMAL,-0.10465876601041735,1,0
C38-038,L38,NORMAL,-0.14015144859208595,1,0
C32-006,L32,NORMAL,-0.09621480803682758,1,0
C42-049,L42,NORMAL,-0.06831058594084194,1,0
C08-007,L08,NORMAL,-0.07371788467706619,1,0
C06-088,L06,LATENT_DEFECT,0.032555403942967076,-1,1
C16-095,L16,LATENT_DEFECT,0.06374778425745564,-1,1
C08-009,L08,NORMAL,-0.06224079073253769,1,0
C41-030,L41,NORMAL,-0.12516196502800248,1,0
C42-008,L42,NORMAL,-0.07300214722373949,1,0
C35-031,L35,NORMAL,-0.11195849218507686,1,0
C17-050,L17,NORMAL,-0.07752874696795531,1,0
C27-091,L27,NORMAL,-0.12138163457186357,1,0
C31-078,L31,NORMAL,-0.12416926591878369,1,0
C29-046,L29,OBVIOUS_FAILURE,0.17886551728046962,-1,1
C24-067,L24,LATENT_DEFECT,0.020918693879435235,-1,1
C41-022,L41,NORMAL,-0.10237413750354157,1,0
C32-020,L32,NORMAL,-0.11695656130956439,1,0
C19-009,L19,LATENT_DEFECT,0.03325567950688213,-1,1
C30-015,L30,NORMAL,-0.09832918470909813,1,0
C04-087,L04,LATENT_DEFECT,-0.00341730342907387,1,0
C48-054,L48,NORMAL,-0.10132743370061875,1,0
C48-064,L48,NORMAL,-0.09340741840547623,1,0
C44-003,L44,NORMAL,-0.13201490143169298,1,0
C19-071,L19,NORMAL,-0.1058324989402567,1,0
C04-014,L04,NORMAL,-0.06343169706477558,1,0
C18-074,L18,NORMAL,-0.13925707364409495,1,0
C18-009,L18,NORMAL,-0.0748906653969208,1,0
C50-056,L50,NORMAL,-0.10512474745869654,1,0
C11-015,L11,OBVIOUS_FAILURE,0.18341515826405452,-1,1
C44-059,L44,NORMAL,-0.1277612497935839,1,0
C10-010,L10,NORMAL,-0.10238755879834577,1,0
C48-049,L48,NORMAL,-0.10413010946445217,1,0
C25-038,L25,NORMAL,-0.08849019831298405,1,0
C26-014,L26,NORMAL,-0.07869774517752509,1,0
C41-044,L41,NORMAL,-0.07784763037577364,1,0
C40-014,L40,NORMAL,-0.13378844953295455,1,0
C28-095,L28,NORMAL,-0.11923997500393335,1,0
C38-097,L38,LATENT_DEFECT,0.006192803257055179,-1,1
C31-058,L31,NORMAL,-0.08235179564717182,1,0
C08-083,L08,NORMAL,-0.07796753308586679,1,0
C33-014,L33,NORMAL,-0.10306498273419346,1,0
C40-062,L40,NORMAL,-0.1295324531354886,1,0
C29-039,L29,NORMAL,-0.10602628760606886,1,0
C47-019,L47,OBVIOUS_FAILURE,0.14938871301133994,-1,1
C33-063,L33,NORMAL,-0.07315359822714934,1,0
C41-016,L41,NORMAL,-0.12672299142581245,1,0
C30-081,L30,NORMAL,-0.11927273693518725,1,0
C25-094,L25,NORMAL,-0.09473948935797238,1,0
C11-053,L11,NORMAL,-0.1092304524909401,1,0
C47-051,L47,NORMAL,-0.10188310527586558,1,0
C06-023,L06,NORMAL,-0.09060135302518907,1,0
C25-083,L25,NORMAL,-0.11475474768422805,1,0
C21-097,L21,NORMAL,-0.08882801719692351,1,0
C45-032,L45,NORMAL,-0.12724436870030564,1,0
C04-009,L04,NORMAL,-0.11054534064326865,1,0
C32-032,L32,LATENT_DEFECT,-0.0025280592484830944,1,0
C08-017,L08,NORMAL,-0.08203714251749633,1,0
C25-029,L25,NORMAL,-0.12044792603673043,1,0
C10-028,L10,NORMAL,-0.12802532996724086,1,0
C48-034,L48,NORMAL,-0.1279899591272633,1,0
C05-006,L05,NORMAL,-0.10838042989463426,1,0
C31-013,L31,NORMAL,-0.12255895772813563,1,0
C05-043,L05,NORMAL,-0.0705374602665248,1,0
C05-022,L05,NORMAL,-0.07052483423481276,1,0
C29-099,L29,NORMAL,-0.06991575640346226,1,0
C42-064,L42,NORMAL,-0.06383373891919203,1,0
C50-007,L50,NORMAL,-0.08839795483268759,1,0
C22-090,L22,LATENT_DEFECT,-0.007752602879849579,1,0
C45-037,L45,NORMAL,-0.11192194907814512,1,0
C45-034,L45,NORMAL,-0.10668604262383646,1,0
C42-017,L42,NORMAL,-0.07996400630363631,1,0
C28-090,L28,NORMAL,-0.11888709815972343,1,0
C05-016,L05,NORMAL,-0.07274819084693895,1,0
C31-039,L31,NORMAL,-0.10087674992719986,1,0
C48-059,L48,NORMAL,-0.12054212876750275,1,0
C47-033,L47,NORMAL,-0.09585356065474887,1,0
C47-065,L47,LATENT_DEFECT,0.07273761928930478,-1,1
C50-040,L50,NORMAL,-0.06887472410792816,1,0
C38-070,L38,NORMAL,-0.12244965686363818,1,0
C40-079,L40,NORMAL,-0.1253719757618747,1,0
C16-073,L16,NORMAL,-0.12632075912014046,1,0
C38-099,L38,NORMAL,-0.13469046923725658,1,0
C45-012,L45,NORMAL,-0.11770134915985303,1,0
C22-010,L22,NORMAL,-0.0809184682684802,1,0
C32-067,L32,OBVIOUS_FAILURE,0.16802194387972513,-1,1
C11-092,L11,NORMAL,-0.07288900748547028,1,0
C32-047,L32,NORMAL,-0.12144036916525669,1,0
C47-053,L47,NORMAL,-0.10297229645762435,1,0
C44-071,L44,NORMAL,-0.07801291430745516,1,0
C18-089,L18,NORMAL,-0.12117445294991414,1,0
C35-026,L35,NORMAL,-0.09182792895421071,1,0
C44-088,L44,NORMAL,-0.11390924770418387,1,0
C27-077,L27,NORMAL,-0.13772520074505873,1,0
C35-085,L35,LATENT_DEFECT,-0.020208750377585072,1,0
C29-015,L29,NORMAL,-0.09133404519215127,1,0
C06-014,L06,LATENT_DEFECT,0.027622297078380598,-1,1
C17-079,L17,NORMAL,-0.11562862519472339,1,0
C47-009,L47,NORMAL,-0.12412842624286585,1,0
C26-049,L26,NORMAL,-0.0998932157563191,1,0
C33-069,L33,NORMAL,-0.1207243612760382,1,0
C18-001,L18,NORMAL,-0.12215140588140799,1,0
C43-088,L43,NORMAL,-0.1271605149125113,1,0
C31-094,L31,NORMAL,-0.07049157587624827,1,0
C46-067,L46,NORMAL,-0.10201418753679087,1,0
C27-068,L27,NORMAL,-0.11133535808708211,1,0
C41-069,L41,NORMAL,-0.09549409227678174,1,0
C46-007,L46,LATENT_DEFECT,0.04848953088212904,-1,1
C27-019,L27,NORMAL,-0.10417728290019324,1,0
C32-065,L32,NORMAL,-0.1296711234202524,1,0
C46-064,L46,NORMAL,-0.09876517327605328,1,0
C25-044,L25,NORMAL,-0.0802457727246022,1,0
C06-074,L06,NORMAL,-0.1018255491971794,1,0
C04-072,L04,NORMAL,-0.05490980617324881,1,0
C17-021,L17,NORMAL,-0.08152603941243297,1,0
C29-041,L29,NORMAL,-0.10261571288635374,1,0
C21-088,L21,NORMAL,-0.0790500995281942,1,0
C08-095,L08,NORMAL,-0.04839911990152029,1,0
C11-084,L11,NORMAL,-0.10710181492815013,1,0
C48-087,L48,NORMAL,-0.11065794970225956,1,0
C38-058,L38,NORMAL,-0.10859013398173906,1,0
C38-065,L38,NORMAL,-0.11546861611763615,1,0
C11-001,L11,OBVIOUS_FAILURE,0.19584498956122476,-1,1
C38-079,L38,NORMAL,-0.13216611553977609,1,0
C40-100,L40,NORMAL,-0.1330563792624097,1,0
C50-075,L50,NORMAL,-0.06129184255444281,1,0
C46-099,L46,NORMAL,-0.09641106805244509,1,0
C38-008,L38,NORMAL,-0.10860193553292985,1,0
C32-023,L32,OBVIOUS_FAILURE,0.1620064701712287,-1,1
C29-064,L29,NORMAL,-0.08619914165569831,1,0
C24-060,L24,NORMAL,-0.10086879373859164,1,0
C33-031,L33,LATENT_DEFECT,0.05340870334985359,-1,1
C35-016,L35,NORMAL,-0.12250283032854381,1,0
C06-006,L06,NORMAL,-0.08944651887657584,1,0
C17-034,L17,NORMAL,-0.11621192238794131,1,0
C22-077,L22,NORMAL,-0.11915870531443079,1,0
C11-027,L11,NORMAL,-0.08394521201064836,1,0
C42-051,L42,NORMAL,-0.10326595417124751,1,0
C31-003,L31,NORMAL,-0.13412969019932908,1,0
C18-099,L18,NORMAL,-0.12986541555682424,1,0
C08-078,L08,NORMAL,-0.08384056833503517,1,0
C27-060,L27,NORMAL,-0.13421736237730836,1,0
C35-009,L35,NORMAL,-0.09488852060471886,1,0
C46-029,L46,NORMAL,-0.08353627677227293,1,0
C38-047,L38,NORMAL,-0.13308977803751443,1,0
C08-087,L08,LATENT_DEFECT,0.041587816587872584,-1,1
C05-099,L05,NORMAL,-0.07453747151909917,1,0
C50-023,L50,NORMAL,-0.06974506132714936,1,0
C29-010,L29,NORMAL,-0.09040991850359631,1,0
C21-051,L21,NORMAL,-0.0827784397989651,1,0
C11-091,L11,LATENT_DEFECT,-0.007564201185003783,1,0
C11-020,L11,NORMAL,-0.09918763756381294,1,0
C38-068,L38,NORMAL,-0.13670602408150173,1,0
C28-029,L28,NORMAL,-0.11158828860316916,1,0
C43-033,L43,NORMAL,-0.13244807664133906,1,0
C38-088,L38,NORMAL,-0.14555860317129182,1,0
C10-030,L10,NORMAL,-0.09134941767350219,1,0
C21-084,L21,NORMAL,-0.10526368771659167,1,0
C32-068,L32,NORMAL,-0.11492238922761133,1,0
C30-041,L30,NORMAL,-0.11653023657485123,1,0
C06-008,L06,NORMAL,-0.1037353827014234,1,0
C10-092,L10,NORMAL,-0.12426242219133621,1,0
C45-008,L45,NORMAL,-0.11298730640818555,1,0
C30-010,L30,NORMAL,-0.11565989511964991,1,0
C31-038,L31,NORMAL,-0.08340753550882385,1,0
C48-098,L48,LATENT_DEFECT,0.01363862326939791,-1,1
C17-093,L17,NORMAL,-0.10236100807916015,1,0
C45-087,L45,NORMAL,-0.11258934386693803,1,0
C22-087,L22,NORMAL,-0.08524461314341164,1,0
C22-086,L22,NORMAL,-0.10635883349386166,1,0
C27-051,L27,NORMAL,-0.11750342435561173,1,0
C47-071,L47,NORMAL,-0.09120447690262873,1,0
C30-065,L30,NORMAL,-0.06036213623761072,1,0
C41-009,L41,LATENT_DEFECT,0.030752403755868185,-1,1
C27-031,L27,NORMAL,-0.09219718843805591,1,0
C26-011,L26,OBVIOUS_FAILURE,0.20554992932538796,-1,1
C26-077,L26,NORMAL,-0.1128023806875098,1,0
C43-075,L43,NORMAL,-0.10777865323560482,1,0
C29-098,L29,NORMAL,-0.04940285633343905,1,0
C04-084,L04,NORMAL,-0.09917073082933625,1,0
C42-061,L42,NORMAL,-0.08087071908811366,1,0
C41-003,L41,NORMAL,-0.10538259484777607,1,0
C04-021,L04,NORMAL,-0.07905007001737802,1,0
C31-006,L31,NORMAL,-0.11518924894122734,1,0
C28-028,L28,NORMAL,-0.10970624437022575,1,0
C35-023,L35,NORMAL,-0.09790211596829007,1,0
C41-055,L41,NORMAL,-0.12553910586463973,1,0
C26-006,L26,NORMAL,-0.10037772643198895,1,0
C38-034,L38,NORMAL,-0.12817137110413135,1,0
C29-031,L29,NORMAL,-0.10273903714226984,1,0
C27-063,L27,NORMAL,-0.10547536372266719,1,0
C50-089,L50,NORMAL,-0.035726864003855,1,0
C46-042,L46,NORMAL,-0.10707933121835633,1,0
C38-033,L38,NORMAL,-0.12226047232847564,1,0
C19-074,L19,NORMAL,-0.1180600148144742,1,0
C29-011,L29,NORMAL,-0.02990353170986454,1,0
C47-057,L47,NORMAL,-0.1003204176673484,1,0
C35-096,L35,NORMAL,-0.08336340152107236,1,0
C18-084,L18,NORMAL,-0.1392281200840344,1,0
C21-099,L21,NORMAL,-0.10220406519059783,1,0
C05-057,L05,NORMAL,-0.0695563256068163,1,0
C41-062,L41,NORMAL,-0.09222595985280363,1,0
C18-087,L18,NORMAL,-0.10642923459869041,1,0
C50-098,L50,LATENT_DEFECT,0.03244851591336584,-1,1
C33-024,L33,NORMAL,-0.09488105246606077,1,0
C27-013,L27,NORMAL,-0.07884518576505001,1,0
C43-086,L43,NORMAL,-0.11535305763277459,1,0
C50-067,L50,LATENT_DEFECT,-0.0060960995189248135,1,0
C44-053,L44,NORMAL,-0.12677092134324924,1,0
C47-063,L47,LATENT_DEFECT,-0.007270776653549915,1,0
C32-026,L32,NORMAL,-0.12585828331154614,1,0
C26-054,L26,NORMAL,-0.11592396024815205,1,0
C27-006,L27,NORMAL,-0.11656729027146467,1,0
C39-038,L39,NORMAL,-0.10623386436169857,1,0
C45-092,L45,NORMAL,-0.07638760516024196,1,0
C10-059,L10,NORMAL,-0.1373696223026526,1,0
C42-044,L42,NORMAL,-0.08606264001996378,1,0
C04-079,L04,NORMAL,-0.09393689341240319,1,0
C48-100,L48,NORMAL,-0.09969743733309439,1,0
C45-077,L45,NORMAL,-0.12064240314083757,1,0
C21-057,L21,NORMAL,-0.09683139952705677,1,0
C19-007,L19,NORMAL,-0.10407772641967966,1,0
C35-046,L35,NORMAL,-0.12025872413154493,1,0
C40-091,L40,NORMAL,-0.126210041829174,1,0
C46-045,L46,NORMAL,-0.06791492507385011,1,0
C08-081,L08,NORMAL,-0.0648824454229846,1,0
C19-048,L19,NORMAL,-0.11648804357868286,1,0
C46-082,L46,NORMAL,-0.09403772524826082,1,0
C38-052,L38,NORMAL,-0.11156787890406439,1,0
C42-085,L42,LATENT_DEFECT,0.025812284198532764,-1,1
C17-016,L17,NORMAL,-0.1191091838557457,1,0
C38-041,L38,NORMAL,-0.13969153132993156,1,0
C16-087,L16,NORMAL,-0.13527687995348542,1,0
C44-092,L44,NORMAL,-0.11894957120346739,1,0
C24-094,L24,NORMAL,-0.09448269676835919,1,0
C08-006,L08,NORMAL,-0.07863359047244978,1,0
C06-010,L06,NORMAL,-0.08837528909590975,1,0
C32-045,L32,NORMAL,-0.08267579806847342,1,0
C40-098,L40,LATENT_DEFECT,-0.02542473238014381,1,0
C50-070,L50,NORMAL,-0.1084979967287823,1,0
C32-084,L32,LATENT_DEFECT,-0.0017311812657376802,1,0
C18-086,L18,NORMAL,-0.1341130246787674,1,0
C46-014,L46,NORMAL,-0.11692657810840429,1,0
C19-018,L19,NORMAL,-0.09018880560635095,1,0
C41-027,L41,LATENT_DEFECT,0.005308755152605982,-1,1
C33-067,L33,NORMAL,-0.0800055393702434,1,0
C05-092,L05,NORMAL,-0.10123731347619114,1,0
C45-058,L45,NORMAL,-0.06372690776649953,1,0
C38-084,L38,NORMAL,-0.12308352036105952,1,0
C24-066,L24,NORMAL,-0.08086990088746432,1,0
C10-084,L10,NORMAL,-0.12935661411095556,1,0
C41-040,L41,NORMAL,-0.10508656494374446,1,0
C19-016,L19,NORMAL,-0.11320492476667388,1,0
C45-033,L45,NORMAL,-0.10927360412877746,1,0
C06-078,L06,NORMAL,-0.09334359905090206,1,0
C19-089,L19,NORMAL,-0.12587495408423405,1,0
C32-004,L32,NORMAL,-0.12448482440012437,1,0
C24-046,L24,NORMAL,-0.1115213633937035,1,0
C41-047,L41,NORMAL,-0.10914598163740524,1,0
C11-072,L11,NORMAL,-0.0838497096668645,1,0
C26-036,L26,NORMAL,-0.1069675318802169,1,0
C39-006,L39,NORMAL,-0.09267297823464465,1,0
C19-094,L19,NORMAL,-0.10325850636598316,1,0
C41-045,L41,NORMAL,-0.12671221513945058,1,0
C47-039,L47,NORMAL,-0.10405861390646093,1,0
C11-086,L11,NORMAL,-0.10782481656552412,1,0
C50-030,L50,NORMAL,-0.12073018555434156,1,0
C10-014,L10,NORMAL,-0.13985855763752392,1,0
C50-092,L50,NORMAL,-0.08441526289706769,1,0
C25-050,L25,NORMAL,-0.06440965515109504,1,0
C21-008,L21,NORMAL,-0.09815258828069073,1,0
C16-075,L16,NORMAL,-0.1254921256091806,1,0
C44-070,L44,LATENT_DEFECT,0.02732959740310159,-1,1
C18-056,L18,NORMAL,-0.1354972214220206,1,0
C10-048,L10,NORMAL,-0.1291101007643941,1,0
C43-008,L43,NORMAL,-0.107466390971584,1,0
C18-066,L18,OBVIOUS_FAILURE,0.12455967178035077,-1,1
C40-036,L40,NORMAL,-0.1192830642699913,1,0
C41-043,L41,NORMAL,-0.11290974343364568,1,0
C48-062,L48,NORMAL,-0.13678131384752978,1,0
C42-080,L42,NORMAL,-0.10086556870729535,1,0
C41-098,L41,NORMAL,-0.10629072072918344,1,0
C31-061,L31,NORMAL,-0.12440536703610211,1,0
C46-016,L46,NORMAL,-0.08636190687677181,1,0
C44-024,L44,NORMAL,-0.0874771962877689,1,0
C24-048,L24,NORMAL,-0.1199036443700357,1,0
C06-095,L06,NORMAL,-0.11052428261930186,1,0
C27-048,L27,NORMAL,-0.11800075333627563,1,0
C11-089,L11,OBVIOUS_FAILURE,0.16302421973167036,-1,1
C29-042,L29,NORMAL,-0.08170889562000122,1,0
C24-082,L24,NORMAL,-0.08358608543246437,1,0
C31-063,L31,NORMAL,-0.11624235063799371,1,0
C35-067,L35,NORMAL,-0.11287290336747041,1,0
C41-099,L41,NORMAL,-0.11420955403730526,1,0
C45-019,L45,NORMAL,-0.10787086429454235,1,0
C40-049,L40,NORMAL,-0.08949112410226118,1,0
C31-068,L31,NORMAL,-0.08513023229241068,1,0
C41-037,L41,NORMAL,-0.11338623386421381,1,0
C26-018,L26,NORMAL,-0.10927240031046737,1,0
C10-026,L10,LATENT_DEFECT,0.020481430130359524,-1,1
C11-035,L11,NORMAL,-0.10275490461638165,1,0
C21-055,L21,NORMAL,-0.10292166165167893,1,0
C41-048,L41,NORMAL,-0.11709665005653208,1,0
C44-016,L44,NORMAL,-0.1243891511937168,1,0
C31-067,L31,NORMAL,-0.11509258653637144,1,0
C29-071,L29,NORMAL,-0.09871492306465701,1,0
C05-033,L05,LATENT_DEFECT,0.005551649203891729,-1,1
C04-007,L04,NORMAL,-0.07861849334517729,1,0
C46-006,L46,NORMAL,-0.09935263628108176,1,0
C10-022,L10,NORMAL,-0.11712783778193686,1,0
C28-091,L28,NORMAL,-0.1049183599204821,1,0
C46-003,L46,NORMAL,-0.09820159441665283,1,0
C38-085,L38,NORMAL,-0.10241629218826148,1,0
C22-094,L22,NORMAL,-0.08212539896765936,1,0
C29-017,L29,NORMAL,-0.08839404434198178,1,0
C25-069,L25,NORMAL,-0.11431398769614842,1,0
C11-057,L11,LATENT_DEFECT,0.03820160848434495,-1,1
C38-091,L38,NORMAL,-0.09934537091862311,1,0
C32-046,L32,NORMAL,-0.11961915803339962,1,0
C46-061,L46,NORMAL,-0.10014028018408433,1,0
C46-025,L46,NORMAL,-0.10243870413909012,1,0
C50-048,L50,NORMAL,-0.10224418249388995,1,0
C11-071,L11,NORMAL,-0.07324422338171788,1,0
C08-053,L08,NORMAL,-0.05689011130668559,1,0
C04-092,L04,LATENT_DEFECT,0.03578693347055839,-1,1
C39-088,L39,NORMAL,-0.09168909207859882,1,0
C46-026,L46,NORMAL,-0.11732021423215505,1,0
C22-071,L22,NORMAL,-0.12092445775391741,1,0
C38-009,L38,NORMAL,-0.08669441314890147,1,0
C24-086,L24,NORMAL,-0.11265385147208618,1,0
C39-043,L39,NORMAL,-0.04803167340059411,1,0
C43-047,L43,NORMAL,-0.10673595400142077,1,0
C30-083,L30,NORMAL,-0.08391403468701047,1,0
C32-021,L32,NORMAL,-0.13010125219333935,1,0
C30-090,L30,NORMAL,-0.11477965497417547,1,0
C39-082,L39,NORMAL,-0.08488512086997518,1,0
C27-092,L27,NORMAL,-0.09619476963227386,1,0
C33-005,L33,NORMAL,-0.1048161030661115,1,0
C16-098,L16,NORMAL,-0.09299829587644726,1,0
C44-018,L44,NORMAL,-0.13182441856580623,1,0
C08-049,L08,LATENT_DEFECT,0.034166450658565606,-1,1
C33-003,L33,NORMAL,-0.09775197027780602,1,0
C50-057,L50,LATENT_DEFECT,0.049413760599222534,-1,1
C43-030,L43,NORMAL,-0.12149069750216435,1,0
C40-039,L40,NORMAL,-0.11319770707013649,1,0
C22-038,L22,NORMAL,-0.0948076062471439,1,0
C35-047,L35,NORMAL,-0.11192019755643051,1,0
C42-019,L42,NORMAL,-0.06472212524144144,1,0
C31-089,L31,LATENT_DEFECT,0.014373062716722451,-1,1
C48-008,L48,NORMAL,-0.10778752101250205,1,0
C47-091,L47,LATENT_DEFECT,0.016944554529679468,-1,1
C29-012,L29,NORMAL,-0.08279135691507111,1,0
C25-040,L25,NORMAL,-0.07372551118844523,1,0
C43-098,L43,NORMAL,-0.11572470273135305,1,0
C10-054,L10,NORMAL,-0.11491411838642701,1,0
C19-014,L19,NORMAL,-0.09895853835801105,1,0
C38-060,L38,NORMAL,-0.13497670611608886,1,0
C22-100,L22,NORMAL,-0.07075913059145794,1,0
C31-025,L31,NORMAL,-0.09607731665504426,1,0
C24-075,L24,NORMAL,-0.11886176225845557,1,0
C35-088,L35,NORMAL,-0.12662546172918415,1,0
C04-038,L04,NORMAL,-0.047030117834772456,1,0
C19-075,L19,NORMAL,-0.1104523291650521,1,0
C47-035,L47,OBVIOUS_FAILURE,0.15241596261889978,-1,1
C19-084,L19,NORMAL,-0.10466422598270314,1,0
C24-050,L24,NORMAL,-0.11060466709967848,1,0
C38-054,L38,NORMAL,-0.11028815887464788,1,0
C26-019,L26,NORMAL,-0.10065342864392296,1,0
C24-085,L24,NORMAL,-0.1163823937480587,1,0
C27-061,L27,NORMAL,-0.04257937834402148,1,0
C04-040,L04,NORMAL,-0.10710006346276074,1,0
C26-087,L26,NORMAL,-0.06846625972047837,1,0
C35-043,L35,NORMAL,-0.11376087189049838,1,0
C05-070,L05,NORMAL,-0.07384415350531504,1,0
C25-056,L25,NORMAL,-0.12385106926141648,1,0
C17-038,L17,NORMAL,-0.12125342946495676,1,0
C39-007,L39,OBVIOUS_FAILURE,0.27599055442318365,-1,1
C46-050,L46,NORMAL,-0.10689182344337439,1,0
C28-073,L28,NORMAL,-0.10983194286661785,1,0
C27-065,L27,NORMAL,-0.1089755604830267,1,0
C38-011,L38,NORMAL,-0.12331250816763112,1,0
C16-035,L16,NORMAL,-0.13203444738597125,1,0
C45-091,L45,NORMAL,-0.11758461939673848,1,0
C38-021,L38,NORMAL,-0.09389121408114387,1,0
C28-041,L28,NORMAL,-0.12703963364645643,1,0
C24-091,L24,NORMAL,-0.0886983123667554,1,0
C42-026,L42,LATENT_DEFECT,0.012505388234952064,-1,1
C25-081,L25,NORMAL,-0.08695920463686035,1,0
C31-034,L31,LATENT_DEFECT,-0.0341276372484709,1,0
C11-080,L11,NORMAL,-0.1017241635812689,1,0
C08-029,L08,NORMAL,-0.05484474939164746,1,0
C33-055,L33,NORMAL,-0.0956569776260685,1,0
C32-031,L32,NORMAL,-0.11509805568831177,1,0
C18-093,L18,NORMAL,-0.13672502396999997,1,0
C22-044,L22,NORMAL,-0.11098731626290681,1,0
C17-081,L17,NORMAL,-0.10398765668790028,1,0
C40-026,L40,NORMAL,-0.11259945783905068,1,0
C33-090,L33,NORMAL,-0.10634425443527928,1,0
C05-060,L05,NORMAL,-0.058963833132909926,1,0
C04-003,L04,NORMAL,-0.06759375895758701,1,0
C18-050,L18,OBVIOUS_FAILURE,0.18118215542738791,-1,1
C33-009,L33,NORMAL,-0.12328311973192868,1,0
C27-097,L27,NORMAL,-0.13424645210788644,1,0
C29-077,L29,OBVIOUS_FAILURE,0.13276769312454118,-1,1
C31-014,L31,NORMAL,-0.11161131644293287,1,0
C21-044,L21,NORMAL,-0.09199495441925504,1,0
C27-045,L27,NORMAL,-0.1402347022137459,1,0
C40-006,L40,NORMAL,-0.12919216306709747,1,0
C04-054,L04,NORMAL,-0.06914152958823261,1,0
C48-073,L48,NORMAL,-0.1206844643671589,1,0
C31-012,L31,NORMAL,-0.07242000292549877,1,0
C50-042,L50,LATENT_DEFECT,0.040013866749812665,-1,1
C18-025,L18,NORMAL,-0.08812747950405175,1,0
C46-033,L46,NORMAL,-0.1127664408049126,1,0
C25-090,L25,NORMAL,-0.11063920607708999,1,0
C45-026,L45,OBVIOUS_FAILURE,0.20876380706183895,-1,1
C35-072,L35,NORMAL,-0.11206071082484026,1,0
C28-008,L28,NORMAL,-0.08268886569397804,1,0
C27-095,L27,NORMAL,-0.1281657038953607,1,0
C17-072,L17,OBVIOUS_FAILURE,0.20210686097822061,-1,1
C30-069,L30,NORMAL,-0.10761843049588227,1,0
C21-086,L21,NORMAL,-0.06023596701655248,1,0
C40-044,L40,NORMAL,-0.11080977695796773,1,0
C25-026,L25,NORMAL,-0.10264115565305076,1,0
C26-064,L26,NORMAL,-0.11272862193597194,1,0
C18-007,L18,OBVIOUS_FAILURE,0.17140357744303303,-1,1
C46-015,L46,LATENT_DEFECT,-0.009593646929403232,1,0
C33-079,L33,NORMAL,-0.12022474042762876,1,0
C40-002,L40,NORMAL,-0.09237446881612255,1,0
C50-039,L50,NORMAL,-0.11384536461951511,1,0
C19-064,L19,NORMAL,-0.11645352342543536,1,0
C08-099,L08,NORMAL,-0.04901115212771612,1,0
C47-080,L47,OBVIOUS_FAILURE,0.18831087376876077,-1,1
C17-005,L17,NORMAL,-0.11482140934639878,1,0
C10-032,L10,NORMAL,-0.12496959011238429,1,0
C06-093,L06,NORMAL,-0.10521697559607623,1,0
C48-004,L48,NORMAL,-0.11897011018394194,1,0
C05-046,L05,NORMAL,-0.09228196638622216,1,0
C32-034,L32,NORMAL,-0.09201609340443073,1,0
C39-072,L39,NORMAL,-0.08474139912216822,1,0
C22-066,L22,NORMAL,-0.08542688534386528,1,0
C32-051,L32,NORMAL,-0.13152338808602737,1,0
C41-088,L41,NORMAL,-0.09266783770596554,1,0
C08-040,L08,NORMAL,-0.08516511204496519,1,0
C33-022,L33,NORMAL,-0.09096012136140014,1,0
C06-066,L06,NORMAL,-0.0876123688397864,1,0
C45-089,L45,NORMAL,-0.08086392729006264,1,0
C29-072,L29,NORMAL,-0.07995464103579175,1,0
C06-072,L06,LATENT_DEFECT,0.011623553933784891,-1,1
C16-097,L16,NORMAL,-0.12237947484652878,1,0
C50-068,L50,NORMAL,-0.08113633618856858,1,0
C06-045,L06,NORMAL,-0.084780703343108,1,0
C47-084,L47,NORMAL,-0.04724539918803722,1,0
C10-077,L10,NORMAL,-0.112749811901171,1,0
C32-033,L32,NORMAL,-0.09468440132617911,1,0
C47-017,L47,NORMAL,-0.10441534421484622,1,0
C46-018,L46,NORMAL,-0.0695556355623354,1,0
C18-014,L18,NORMAL,-0.13630211452804258,1,0
C31-015,L31,NORMAL,-0.06665705925725035,1,0
C44-057,L44,NORMAL,-0.126307379547147,1,0
C50-087,L50,NORMAL,-0.09704346867012775,1,0
C30-005,L30,NORMAL,-0.1123914436774025,1,0
C40-041,L40,NORMAL,-0.09375861786021683,1,0
C06-051,L06,NORMAL,-0.1103218632736308,1,0
C11-046,L11,NORMAL,-0.08291001092317724,1,0
C17-039,L17,NORMAL,-0.09649102991593078,1,0
C08-011,L08,NORMAL,-0.08872005878512307,1,0
C22-032,L22,NORMAL,-0.10673927551341672,1,0
C26-050,L26,NORMAL,-0.08099493607917158,1,0
C48-093,L48,NORMAL,-0.0918959985185463,1,0
C04-016,L04,NORMAL,-0.08116628763617162,1,0
C45-073,L45,NORMAL,-0.09015446037894909,1,0
C39-067,L39,NORMAL,-0.09592098126444515,1,0
C43-020,L43,NORMAL,-0.11185678561330531,1,0
C08-064,L08,NORMAL,-0.05398825804448981,1,0
C05-083,L05,NORMAL,-0.08325279598083335,1,0
C22-095,L22,NORMAL,-0.061523212885024825,1,0
C41-052,L41,NORMAL,-0.12123555160089827,1,0
C22-022,L22,NORMAL,-0.047799740723601214,1,0
C22-083,L22,NORMAL,-0.108716249888471,1,0
C40-076,L40,NORMAL,-0.1046376964916289,1,0
C16-015,L16,NORMAL,-0.13688977843194572,1,0
C26-067,L26,NORMAL,-0.10991868865189536,1,0
C10-002,L10,NORMAL,-0.11851185942882664,1,0
C19-035,L19,NORMAL,-0.10481413636052356,1,0
C38-023,L38,NORMAL,-0.10543764953278634,1,0
C38-017,L38,LATENT_DEFECT,0.0026862149187407702,-1,1
C17-027,L17,NORMAL,-0.12548186693117547,1,0
C18-027,L18,NORMAL,-0.1341913527926174,1,0
C27-022,L27,NORMAL,-0.11949811223969281,1,0
C05-037,L05,NORMAL,-0.04045496677697519,1,0
C16-029,L16,NORMAL,-0.1251969338480753,1,0
C08-035,L08,NORMAL,-0.05971866785709412,1,0
C08-091,L08,NORMAL,-0.06547525925332187,1,0
C41-097,L41,NORMAL,-0.08946917133791688,1,0
C30-018,L30,NORMAL,-0.09531562491641105,1,0
C46-049,L46,NORMAL,-0.10516987107157505,1,0
C17-011,L17,NORMAL,-0.10342849505993612,1,0
C21-040,L21,NORMAL,-0.07763493265967886,1,0
C46-094,L46,NORMAL,-0.10204580190567225,1,0
C45-028,L45,NORMAL,-0.11429396446557616,1,0
C27-062,L27,NORMAL,-0.13759955890132392,1,0
C47-018,L47,NORMAL,-0.09592195108704149,1,0
C44-036,L44,NORMAL,-0.12256002064606092,1,0
C22-013,L22,NORMAL,-0.08307506568559708,1,0
C24-024,L24,NORMAL,-0.09814439152382343,1,0
C38-045,L38,NORMAL,-0.1216817846312665,1,0
C27-009,L27,NORMAL,-0.11708932815756784,1,0
C29-051,L29,NORMAL,-0.07420446962891897,1,0
C48-082,L48,NORMAL,-0.10031249083780669,1,0
C08-039,L08,NORMAL,-0.08116031755059017,1,0
C06-016,L06,NORMAL,-0.07352517275514664,1,0
C25-042,L25,NORMAL,-0.08144447129838717,1,0
C44-030,L44,NORMAL,-0.13705928193668487,1,0
C47-075,L47,NORMAL,-0.10072390473536658,1,0
C35-074,L35,NORMAL,-0.07977220893577291,1,0
C48-068,L48,NORMAL,-0.10728471235647186,1,0
C38-075,L38,NORMAL,-0.08977394883020218,1,0
C05-002,L05,NORMAL,-0.10927603645175765,1,0
C40-020,L40,NORMAL,-0.12042652973051204,1,0
C05-072,L05,LATENT_DEFECT,0.033654138167973136,-1,1
C05-008,L05,NORMAL,-0.09429730615944248,1,0
C39-065,L39,NORMAL,-0.11262656353751943,1,0
C50-084,L50,NORMAL,-0.06195303286877418,1,0
C40-078,L40,LATENT_DEFECT,-0.0041135832138725625,1,0
C38-048,L38,NORMAL,-0.12179079046000757,1,0
C41-060,L41,NORMAL,-0.12473255235632508,1,0
C45-007,L45,NORMAL,-0.064285402074713,1,0
C38-055,L38,NORMAL,-0.11170255677798785,1,0
C41-035,L41,LATENT_DEFECT,0.001432011065710559,-1,1
C42-029,L42,NORMAL,-0.020468863549025607,1,0
C47-029,L47,NORMAL,-0.10829838687826543,1,0
C21-041,L21,NORMAL,-0.08357213612956182,1,0
C33-021,L33,NORMAL,-0.09509984517227749,1,0
C27-025,L27,NORMAL,-0.13185054460359397,1,0
C44-086,L44,NORMAL,-0.10983034362536392,1,0
C10-082,L10,NORMAL,-0.1221898572092765,1,0
C39-099,L39,LATENT_DEFECT,0.03783705363281442,-1,1
C40-095,L40,NORMAL,-0.12337433452981922,1,0
C29-063,L29,NORMAL,-0.10496412858616483,1,0
C43-055,L43,NORMAL,-0.12317502429811217,1,0
C44-063,L44,NORMAL,-0.10806857675048248,1,0
C39-030,L39,NORMAL,-0.10199993745570352,1,0
C38-100,L38,NORMAL,-0.1253818795975245,1,0
C10-006,L10,NORMAL,-0.1199983352341949,1,0
C17-058,L17,LATENT_DEFECT,0.043635206197797594,-1,1
C41-020,L41,NORMAL,-0.1051393731698117,1,0
C04-098,L04,NORMAL,-0.09843287486427177,1,0
C25-034,L25,OBVIOUS_FAILURE,0.1720803448666952,-1,1
C42-084,L42,NORMAL,-0.081988736918993,1,0
C47-034,L47,LATENT_DEFECT,0.05593749519985969,-1,1
C38-010,L38,NORMAL,-0.11064738764541843,1,0
C32-059,L32,NORMAL,-0.1382958531013468,1,0
C39-069,L39,NORMAL,-0.07519441504278906,1,0
C05-049,L05,OBVIOUS_FAILURE,0.1788436285765288,-1,1
C04-029,L04,NORMAL,-0.09162000707787599,1,0
C39-002,L39,OBVIOUS_FAILURE,0.22699002947153946,-1,1
C38-013,L38,NORMAL,-0.14282243944420742,1,0
C16-093,L16,NORMAL,-0.1407811429872352,1,0
C25-087,L25,NORMAL,-0.11063854607812562,1,0
C30-046,L30,NORMAL,-0.13156696869151274,1,0
C39-005,L39,LATENT_DEFECT,0.07321876821110507,-1,1
C27-100,L27,NORMAL,-0.1404735994535049,1,0
C17-002,L17,OBVIOUS_FAILURE,0.21551918088981914,-1,1
C29-009,L29,NORMAL,-0.09859354724541808,1,0
C10-055,L10,NORMAL,-0.12711815727474352,1,0
C32-041,L32,NORMAL,-0.12695180885983604,1,0
C45-072,L45,NORMAL,-0.10537037908132418,1,0
C16-010,L16,LATENT_DEFECT,-0.02929575296372766,1,0
C05-068,L05,NORMAL,-0.09723689054864143,1,0
C17-031,L17,NORMAL,-0.1242166016047968,1,0
C40-029,L40,NORMAL,-0.13191807622349927,1,0
C46-034,L46,NORMAL,-0.10265021475461289,1,0
C38-030,L38,LATENT_DEFECT,-0.04049208668972387,1,0
C28-023,L28,NORMAL,-0.12907237760416046,1,0
C11-088,L11,NORMAL,-0.09937903715725632,1,0
C26-002,L26,NORMAL,-0.0990320172737893,1,0
C29-001,L29,LATENT_DEFECT,0.04673061086995267,-1,1
C46-090,L46,NORMAL,-0.07001662235046563,1,0
C42-060,L42,NORMAL,-0.09357074305039087,1,0
C25-080,L25,NORMAL,-0.09409246512280484,1,0
C32-090,L32,NORMAL,-0.12149952666709762,1,0
C33-076,L33,NORMAL,-0.11206382629863976,1,0
C40-032,L40,NORMAL,-0.11728768139739504,1,0
C35-057,L35,NORMAL,-0.11879306751183755,1,0
C43-041,L43,NORMAL,-0.11547121902119534,1,0
C10-042,L10,NORMAL,-0.11111198262666794,1,0
C32-052,L32,NORMAL,-0.13222264934769412,1,0
C25-002,L25,NORMAL,-0.10820416810038769,1,0
C44-061,L44,NORMAL,-0.12389608179014583,1,0
C25-005,L25,NORMAL,-0.09948736066540959,1,0
C06-037,L06,LATENT_DEFECT,0.04575332217751327,-1,1
C11-021,L11,NORMAL,-0.12435417874276322,1,0
C17-036,L17,NORMAL,-0.08256325072847703,1,0
C45-097,L45,NORMAL,-0.10494101744661327,1,0
C33-007,L33,NORMAL,-0.11085949399843437,1,0
C11-093,L11,NORMAL,-0.10210599314112834,1,0
C25-004,L25,NORMAL,-0.09743319890754815,1,0
C25-088,L25,NORMAL,-0.09955321452547128,1,0
C35-082,L35,NORMAL,-0.10346606956364945,1,0
C41-006,L41,NORMAL,-0.0995919836444682,1,0
C47-056,L47,NORMAL,-0.1142029620123593,1,0
C19-005,L19,NORMAL,-0.12681251325448306,1,0
C44-066,L44,NORMAL,-0.12193528540353715,1,0
C24-080,L24,NORMAL,-0.11402134279602022,1,0
C46-041,L46,LATENT_DEFECT,0.006572774459002062,-1,1
C48-058,L48,NORMAL,-0.10926811089163391,1,0
C42-082,L42,NORMAL,-0.08108476558685684,1,0
C46-063,L46,NORMAL,-0.11055435170169242,1,0
C44-025,L44,NORMAL,-0.13609182215965393,1,0
C17-007,L17,NORMAL,-0.10417201386979741,1,0
C45-082,L45,NORMAL,-0.10305570082791199,1,0
C17-046,L17,NORMAL,-0.09393410152958881,1,0
C31-040,L31,OBVIOUS_FAILURE,0.2200721062897395,-1,1
C38-005,L38,NORMAL,-0.1257572712082723,1,0
C11-014,L11,NORMAL,-0.06364166566045593,1,0
C04-082,L04,NORMAL,-0.06751175739102128,1,0
C25-009,L25,NORMAL,-0.1283395796747514,1,0
C44-004,L44,NORMAL,-0.1266229174560622,1,0
C19-015,L19,NORMAL,-0.1304065992662815,1,0
C47-023,L47,NORMAL,-0.09706075125394859,1,0
C47-007,L47,NORMAL,-0.11603133676833766,1,0
C17-075,L17,NORMAL,-0.11235598036632105,1,0
C08-030,L08,NORMAL,-0.08881561922864623,1,0
C32-055,L32,NORMAL,-0.12986521980509974,1,0
C32-002,L32,LATENT_DEFECT,0.011757530211393585,-1,1
C19-044,L19,NORMAL,-0.1246308956541532,1,0
C18-023,L18,NORMAL,-0.13227380822234258,1,0
C19-010,L19,NORMAL,-0.08655313738321663,1,0
C05-082,L05,NORMAL,-0.06872366633597671,1,0
C05-065,L05,NORMAL,-0.08923109286142922,1,0
C27-024,L27,NORMAL,-0.12770216182432692,1,0
C10-052,L10,NORMAL,-0.12933307390758386,1,0
C25-012,L25,NORMAL,-0.02670458377411017,1,0
C22-012,L22,NORMAL,-0.0730604213230614,1,0
C44-001,L44,NORMAL,-0.11428724026425219,1,0
C24-088,L24,OBVIOUS_FAILURE,0.19506943019001477,-1,1
C08-028,L08,NORMAL,-0.08816017315216851,1,0
C29-091,L29,NORMAL,-0.105351924010462,1,0
C45-099,L45,NORMAL,-0.11339605887206838,1,0
C32-008,L32,NORMAL,-0.1264572494071209,1,0
C30-059,L30,NORMAL,-0.12694214273844978,1,0
C08-013,L08,NORMAL,-0.07471059954677067,1,0
C18-033,L18,NORMAL,-0.12954463542839356,1,0
C24-002,L24,NORMAL,-0.10811936890842627,1,0
C48-010,L48,LATENT_DEFECT,-0.02627939664932194,1,0
C38-004,L38,NORMAL,-0.08861819288480266,1,0
C33-035,L33,NORMAL,-0.10594754383581662,1,0
C35-010,L35,NORMAL,-0.10740198436715431,1,0
C43-099,L43,NORMAL,-0.11735726188423656,1,0
C26-082,L26,LATENT_DEFECT,0.02568758507928559,-1,1
C17-078,L17,NORMAL,-0.11905040009098422,1,0
C17-100,L17,NORMAL,-0.10084944020009023,1,0
C04-055,L04,NORMAL,-0.07397578439257879,1,0
C31-021,L31,NORMAL,-0.13255643349073754,1,0
C45-015,L45,OBVIOUS_FAILURE,0.20583576529326297,-1,1
C46-017,L46,NORMAL,-0.05070379099626482,1,0
C29-002,L29,NORMAL,-0.08622832603549313,1,0
C33-062,L33,NORMAL,-0.10295148899592477,1,0
C47-077,L47,NORMAL,-0.0849628832997188,1,0
C19-088,L19,NORMAL,-0.10349750502239141,1,0
C40-023,L40,NORMAL,-0.11514928840569844,1,0
C25-095,L25,NORMAL,-0.07704712881465259,1,0
C17-069,L17,OBVIOUS_FAILURE,0.16218666575253282,-1,1
C45-096,L45,LATENT_DEFECT,0.039892632061565125,-1,1
C06-086,L06,NORMAL,-0.08365640865067808,1,0
C45-079,L45,NORMAL,-0.09389797478661593,1,0
C10-029,L10,NORMAL,-0.10825931405968686,1,0
C32-080,L32,NORMAL,-0.11887171312147105,1,0
C17-023,L17,NORMAL,-0.09866539448881623,1,0
C19-052,L19,NORMAL,-0.09424609792266575,1,0
C35-063,L35,NORMAL,-0.10841425412061356,1,0
C19-090,L19,NORMAL,-0.11237652885746402,1,0
C47-060,L47,NORMAL,-0.11154985551027374,1,0
C38-076,L38,NORMAL,-0.11117801371546854,1,0
C08-027,L08,NORMAL,-0.0725630388567311,1,0
C25-084,L25,NORMAL,-0.03694388492729184,1,0
C29-025,L29,LATENT_DEFECT,0.06607071342783155,-1,1
C21-087,L21,OBVIOUS_FAILURE,0.20885893882017825,-1,1
C08-042,L08,NORMAL,-0.07017090041319474,1,0
C05-048,L05,NORMAL,-0.08714556154316938,1,0
C42-028,L42,NORMAL,-0.05854272294551971,1,0
C22-008,L22,NORMAL,-0.11699879334540347,1,0
C18-049,L18,NORMAL,-0.1210010299612509,1,0
C19-067,L19,NORMAL,-0.09142653911256537,1,0
C43-069,L43,NORMAL,-0.08742713002367197,1,0
C35-004,L35,NORMAL,-0.10390374233225308,1,0
C16-062,L16,NORMAL,-0.1320959818225912,1,0
C21-003,L21,NORMAL,-0.1212860131479428,1,0
C48-033,L48,NORMAL,-0.11821187318531862,1,0
C45-029,L45,NORMAL,-0.11871352862913281,1,0
C42-033,L42,NORMAL,-0.09495903294161179,1,0
C45-098,L45,NORMAL,-0.10687870202254268,1,0
C30-080,L30,NORMAL,-0.12262894528457302,1,0
C47-088,L47,OBVIOUS_FAILURE,0.20376335647317778,-1,1
C24-004,L24,NORMAL,-0.11385440978068284,1,0
C31-091,L31,NORMAL,-0.12245335085564918,1,0
C04-025,L04,NORMAL,-0.08871374059167059,1,0
C47-081,L47,NORMAL,-0.08648633527942085,1,0
C38-073,L38,NORMAL,-0.1196708551526035,1,0
C50-077,L50,NORMAL,-0.10880549804187212,1,0
C41-087,L41,NORMAL,-0.1327568164765327,1,0
C18-076,L18,NORMAL,-0.09494859287238583,1,0
C46-044,L46,NORMAL,-0.06034563494669237,1,0
C19-039,L19,NORMAL,-0.11746762761398066,1,0
C44-019,L44,NORMAL,-0.1313370718496646,1,0
C50-066,L50,NORMAL,-0.09538312998613313,1,0
C08-086,L08,NORMAL,-0.08239444176586208,1,0
C47-093,L47,OBVIOUS_FAILURE,0.2048288913569587,-1,1
C47-012,L47,NORMAL,-0.09258359838562313,1,0
C40-072,L40,NORMAL,-0.14345890724451354,1,0
C35-092,L35,NORMAL,-0.1031755557160765,1,0
C43-062,L43,NORMAL,-0.1279913199782443,1,0
C19-037,L19,NORMAL,-0.11930932343195672,1,0
C45-009,L45,LATENT_DEFECT,-0.006586411638669243,1,0
C38-061,L38,NORMAL,-0.12483349568694685,1,0
C50-012,L50,LATENT_DEFECT,0.05409412648270451,-1,1
C25-033,L25,NORMAL,-0.11048195825191937,1,0
C31-035,L31,NORMAL,-0.10632688781943311,1,0
C19-036,L19,NORMAL,-0.12872777598462581,1,0
C11-067,L11,NORMAL,-0.10860212868040126,1,0
C30-055,L30,NORMAL,-0.10136842376397387,1,0
C50-038,L50,NORMAL,-0.09764940787105209,1,0
C28-046,L28,NORMAL,-0.12368543288172901,1,0
C39-084,L39,NORMAL,-0.07696176088072948,1,0
C29-093,L29,NORMAL,-0.09126957386289092,1,0
C26-031,L26,NORMAL,-0.08154307486633816,1,0
C42-009,L42,NORMAL,-0.11117198050126953,1,0
C21-014,L21,NORMAL,-0.08394038385689429,1,0
C31-029,L31,NORMAL,-0.11859049335227206,1,0
C41-032,L41,NORMAL,-0.12353664668178055,1,0
C05-027,L05,NORMAL,-0.08645180491466964,1,0
C47-027,L47,NORMAL,-0.09069729348470656,1,0
C25-048,L25,NORMAL,-0.10156950116364771,1,0
C08-056,L08,NORMAL,-0.09118556638297237,1,0
C18-028,L18,NORMAL,-0.12103207509938296,1,0
C28-040,L28,LATENT_DEFECT,-0.021875163439694534,1,0
C19-085,L19,NORMAL,-0.13116505641469528,1,0
C33-089,L33,NORMAL,-0.08847299396737202,1,0
C44-073,L44,OBVIOUS_FAILURE,0.1287459520687113,-1,1
C08-063,L08,NORMAL,-0.06938469473877146,1,0
C38-050,L38,NORMAL,-0.1287024458293744,1,0
C08-046,L08,NORMAL,-0.061321417000981926,1,0
C39-012,L39,NORMAL,-0.09987577442373696,1,0
C44-064,L44,LATENT_DEFECT,0.014465362924862335,-1,1
C17-012,L17,NORMAL,-0.0639336879720484,1,0
C39-015,L39,NORMAL,-0.12307008843301126,1,0
C04-011,L04,NORMAL,-0.09928660628870672,1,0
C43-014,L43,NORMAL,-0.11371113291717966,1,0
C33-017,L33,NORMAL,-0.11555331203405572,1,0
C30-035,L30,NORMAL,-0.11645464333403982,1,0
C17-094,L17,NORMAL,-0.10720250360616829,1,0
C47-028,L47,NORMAL,-0.11028874722242621,1,0
C04-095,L04,NORMAL,-0.0987399149843129,1,0
C05-030,L05,NORMAL,-0.045669371827901706,1,0
C38-072,L38,NORMAL,-0.12193744422963754,1,0
C41-019,L41,NORMAL,-0.11660222029099387,1,0
C48-090,L48,NORMAL,-0.09329132678231744,1,0
C35-064,L35,NORMAL,-0.09353373722353331,1,0
C31-001,L31,NORMAL,-0.09503433539023598,1,0
C40-063,L40,NORMAL,-0.09413497245510766,1,0
C42-090,L42,NORMAL,-0.024349370620821764,1,0
C31-033,L31,NORMAL,-0.11755170546921645,1,0
C40-015,L40,NORMAL,-0.1305153939592431,1,0
C30-066,L30,NORMAL,-0.12663171246596688,1,0
C28-059,L28,NORMAL,-0.12239025812860116,1,0
C11-017,L11,LATENT_DEFECT,0.05891139241857635,-1,1
C30-058,L30,OBVIOUS_FAILURE,0.22050152616927776,-1,1
C35-044,L35,NORMAL,-0.10243688910577325,1,0
C24-078,L24,NORMAL,-0.1054878580449638,1,0
C48-075,L48,NORMAL,-0.10448637933929772,1,0
C19-051,L19,NORMAL,-0.1284593079643958,1,0
C22-021,L22,NORMAL,-0.1273114387385701,1,0
C35-005,L35,NORMAL,-0.11113336733995677,1,0
C10-020,L10,NORMAL,-0.12974292910505275,1,0
C19-023,L19,NORMAL,-0.08513975269398871,1,0
C40-075,L40,NORMAL,-0.12347814175249139,1,0
C10-078,L10,LATENT_DEFECT,-0.030185413469153433,1,0
C32-036,L32,NORMAL,-0.1308833559071867,1,0
C42-057,L42,NORMAL,-0.10525545873307723,1,0
C28-093,L28,NORMAL,-0.09353347688087232,1,0
C40-089,L40,NORMAL,-0.12165903354947849,1,0
C26-072,L26,NORMAL,-0.08562540711226418,1,0
C24-003,L24,NORMAL,-0.11631014325143291,1,0
C28-070,L28,NORMAL,-0.10316598023005291,1,0
C47-041,L47,NORMAL,-0.07523438423508216,1,0
C31-071,L31,NORMAL,-0.10774131368239787,1,0
C33-052,L33,NORMAL,-0.09480120635719708,1,0
C18-021,L18,NORMAL,-0.1384079972201761,1,0
C31-098,L31,NORMAL,-0.09400088204872614,1,0
C48-046,L48,NORMAL,-0.12271625557876142,1,0
C24-049,L24,NORMAL,-0.09275468571320827,1,0
C40-071,L40,NORMAL,-0.11219535175372142,1,0
C46-047,L46,NORMAL,-0.10138031898910976,1,0
C33-091,L33,NORMAL,-0.1244610602690111,1,0
C45-049,L45,NORMAL,-0.10560547035980411,1,0
C21-047,L21,NORMAL,-0.09243280902573053,1,0
C30-089,L30,NORMAL,-0.1095247122066827,1,0
C16-016,L16,NORMAL,-0.1351476735136125,1,0
C25-019,L25,NORMAL,-0.11197730915307119,1,0
C48-066,L48,NORMAL,-0.0994502640420567,1,0
C50-003,L50,NORMAL,-0.08162978096923862,1,0
C50-016,L50,LATENT_DEFECT,0.034492338415742285,-1,1
C33-037,L33,NORMAL,-0.11164162034526437,1,0
C46-086,L46,NORMAL,-0.11368190519729876,1,0
C29-073,L29,NORMAL,-0.08949938581896794,1,0
C50-043,L50,NORMAL,-0.1029668135637507,1,0
C05-032,L05,LATENT_DEFECT,-0.006728012277524842,1,0
C04-078,L04,NORMAL,-0.09746628943853941,1,0
C32-053,L32,NORMAL,-0.13049426375248435,1,0
C17-025,L17,NORMAL,-0.10533541132475865,1,0
C25-015,L25,NORMAL,-0.10785729338319144,1,0
C30-052,L30,NORMAL,-0.1305877101271054,1,0
C50-009,L50,NORMAL,-0.09743100663103044,1,0
C41-083,L41,NORMAL,-0.08675075622241207,1,0
C43-094,L43,NORMAL,-0.10664332670187737,1,0
C25-073,L25,NORMAL,-0.05419751418343799,1,0
C30-056,L30,NORMAL,-0.12566560877310262,1,0
C25-020,L25,NORMAL,-0.09098866739237593,1,0
C48-053,L48,NORMAL,-0.11216724970778147,1,0
C40-042,L40,NORMAL,-0.12035859733630422,1,0
C08-076,L08,NORMAL,-0.08800077911332316,1,0
C31-009,L31,NORMAL,-0.12357424223095353,1,0
C08-034,L08,NORMAL,-0.05939489749670718,1,0
C50-078,L50,NORMAL,-0.099464129190873,1,0
C41-089,L41,NORMAL,-0.1175445231356424,1,0
C38-066,L38,NORMAL,-0.13026814757516686,1,0
C28-005,L28,NORMAL,-0.1333680665418442,1,0
C22-019,L22,NORMAL,-0.057237051387411975,1,0
C47-100,L47,NORMAL,-0.07849745536426289,1,0
C31-044,L31,NORMAL,-0.10570294159075411,1,0
C41-046,L41,NORMAL,-0.10883024598066299,1,0
C38-077,L38,NORMAL,-0.11047484782623795,1,0
C44-037,L44,NORMAL,-0.0934077818941485,1,0
C25-043,L25,NORMAL,-0.10338461365356355,1,0
C08-021,L08,NORMAL,-0.08477298628780922,1,0
C28-020,L28,OBVIOUS_FAILURE,0.17893028398991606,-1,1
C43-048,L43,NORMAL,-0.09341813531556387,1,0
C32-061,L32,NORMAL,-0.1300995051237393,1,0
C35-020,L35,NORMAL,-0.11259691152024509,1,0
C28-074,L28,NORMAL,-0.10998833471278602,1,0
C31-043,L31,NORMAL,-0.09054396281409027,1,0
C06-061,L06,NORMAL,-0.0737016081976184,1,0
C42-043,L42,NORMAL,-0.09697294077917623,1,0
C32-040,L32,LATENT_DEFECT,-0.033937061984035954,1,0
C16-090,L16,NORMAL,-0.12353678511204896,1,0
C19-002,L19,NORMAL,-0.10256846801436353,1,0
C38-007,L38,NORMAL,-0.10432915661727099,1,0
C32-027,L32,LATENT_DEFECT,0.010580416319861174,-1,1
C05-039,L05,NORMAL,-0.07308861887055629,1,0
C31-018,L31,LATENT_DEFECT,-0.010102346246842864,1,0
C30-029,L30,NORMAL,-0.10819961083249846,1,0
C27-074,L27,NORMAL,-0.11732153483531715,1,0
C08-020,L08,NORMAL,-0.09855127837065536,1,0
C16-054,L16,NORMAL,-0.12901995464696425,1,0
C33-038,L33,NORMAL,-0.09174946815701479,1,0
C42-010,L42,OBVIOUS_FAILURE,0.15750935697162605,-1,1
C11-059,L11,NORMAL,-0.12536045571505028,1,0
C33-088,L33,NORMAL,-0.04428836358484012,1,0
C05-013,L05,NORMAL,-0.08230885447117559,1,0
C11-032,L11,NORMAL,-0.09491385713282346,1,0
C06-025,L06,NORMAL,-0.0775081111968538,1,0
C17-024,L17,NORMAL,-0.07401812151586523,1,0
C43-027,L43,NORMAL,-0.11054077414716168,1,0
C44-097,L44,LATENT_DEFECT,0.013472675675870849,-1,1
C26-034,L26,NORMAL,-0.08688533214755711,1,0
C38-074,L38,LATENT_DEFECT,0.0007694302986086532,-1,1
C42-018,L42,NORMAL,-0.09617005755687635,1,0
C42-092,L42,NORMAL,-0.0926697006560453,1,0
C26-059,L26,NORMAL,-0.06905503430705301,1,0
C46-052,L46,NORMAL,-0.07957985080739227,1,0
C18-047,L18,NORMAL,-0.1234836892063787,1,0
C05-094,L05,NORMAL,-0.05801165597917718,1,0
C26-065,L26,NORMAL,-0.1085043217290596,1,0
C19-047,L19,LATENT_DEFECT,-0.009978771332195324,1,0
C32-022,L32,NORMAL,-0.13787229696201075,1,0
C28-030,L28,NORMAL,-0.11358674627611637,1,0
C05-018,L05,NORMAL,-0.07753634266705173,1,0
C16-046,L16,NORMAL,-0.121031571400321,1,0
C30-071,L30,NORMAL,-0.11930449101072016,1,0
C04-004,L04,NORMAL,-0.09859922037412922,1,0
C04-075,L04,LATENT_DEFECT,0.04042760094631881,-1,1
C29-056,L29,NORMAL,-0.08826064748649032,1,0
C10-068,L10,NORMAL,-0.08827051427349891,1,0
C04-006,L04,NORMAL,-0.07930986711958637,1,0
C24-047,L24,NORMAL,-0.10091258202891962,1,0
C19-020,L19,NORMAL,-0.12913185525862292,1,0
C06-029,L06,NORMAL,-0.0940297577339112,1,0
C21-064,L21,NORMAL,-0.0829612117659968,1,0
C06-043,L06,OBVIOUS_FAILURE,0.17873961019391127,-1,1
C41-065,L41,NORMAL,-0.10455559357356725,1,0
C22-061,L22,NORMAL,-0.09550678091330356,1,0
C44-029,L44,NORMAL,-0.12699515203594247,1,0
C50-095,L50,NORMAL,-0.09117130307944016,1,0
C27-027,L27,NORMAL,-0.13371904533083756,1,0
C28-006,L28,NORMAL,-0.13024229553750166,1,0
C47-052,L47,NORMAL,-0.08363170439203027,1,0
C50-074,L50,NORMAL,-0.10940561591275189,1,0
C42-016,L42,NORMAL,-0.10429072784612958,1,0
C44-067,L44,NORMAL,-0.10567995700270921,1,0
C31-090,L31,NORMAL,-0.10189395987378863,1,0
C42-041,L42,OBVIOUS_FAILURE,0.1616956640931091,-1,1
C38-063,L38,NORMAL,-0.10535762329564136,1,0
C31-076,L31,LATENT_DEFECT,0.027258226687184584,-1,1
C29-062,L29,NORMAL,-0.08576985512515473,1,0
C25-006,L25,NORMAL,-0.09415541268983779,1,0
C27-042,L27,NORMAL,-0.12732546679130596,1,0
C39-073,L39,NORMAL,-0.11319439644276291,1,0
C16-023,L16,NORMAL,-0.10255242518674978,1,0
C42-001,L42,NORMAL,-0.08949749550705693,1,0
C26-094,L26,NORMAL,-0.0852166623835835,1,0
C05-011,L05,LATENT_DEFECT,-0.010077008077575944,1,0
C35-076,L35,NORMAL,-0.13721183906459927,1,0
C41-049,L41,NORMAL,-0.12212682632679672,1,0
C22-070,L22,LATENT_DEFECT,-0.003797845639284536,1,0
C43-065,L43,NORMAL,-0.12016481812379887,1,0
C06-033,L06,NORMAL,-0.10411946060405314,1,0
C04-067,L04,LATENT_DEFECT,0.05694774425422944,-1,1
C46-059,L46,NORMAL,-0.07634023913247678,1,0
C32-073,L32,NORMAL,-0.13144449406300512,1,0
C33-093,L33,NORMAL,-0.12311918174229058,1,0
C11-037,L11,NORMAL,-0.09568921408359349,1,0
C05-026,L05,NORMAL,-0.07607282813411931,1,0
C33-034,L33,NORMAL,-0.12251094594098277,1,0
C24-055,L24,NORMAL,-0.10491400217959795,1,0
C43-092,L43,NORMAL,-0.12972636280232896,1,0
C31-077,L31,NORMAL,-0.12009162596329581,1,0
C43-066,L43,NORMAL,-0.1263998613954736,1,0
C42-015,L42,NORMAL,-0.11039496900565249,1,0
C32-076,L32,NORMAL,-0.10349054014427828,1,0
C10-085,L10,LATENT_DEFECT,-0.021973557755659456,1,0
C28-055,L28,NORMAL,-0.12116659211659625,1,0
C46-022,L46,NORMAL,-0.10726974021600899,1,0
C41-050,L41,NORMAL,-0.09083053273232466,1,0
C43-001,L43,NORMAL,-0.10908571205568263,1,0
C29-075,L29,NORMAL,-0.08963967881807533,1,0
C39-011,L39,NORMAL,-0.10607068414561893,1,0
C19-019,L19,NORMAL,-0.12295072601402607,1,0
C28-047,L28,NORMAL,-0.08554509766865753,1,0
C21-027,L21,NORMAL,-0.08389108111282112,1,0
C21-031,L21,NORMAL,-0.08729600867475235,1,0
C18-083,L18,NORMAL,-0.1275738148351268,1,0
C25-036,L25,NORMAL,-0.06063504175744361,1,0
C47-014,L47,NORMAL,-0.0847266110171549,1,0
C08-065,L08,NORMAL,-0.07527681945245857,1,0
C33-026,L33,NORMAL,-0.12084000175362802,1,0
C04-028,L04,NORMAL,-0.08272774592760895,1,0
C10-074,L10,NORMAL,-0.09579017958720754,1,0
C11-026,L11,OBVIOUS_FAILURE,0.1107348503685377,-1,1
C17-026,L17,LATENT_DEFECT,0.0315175488281908,-1,1
C04-056,L04,LATENT_DEFECT,0.023086626034357183,-1,1
C16-039,L16,NORMAL,-0.13487343653826422,1,0
C08-003,L08,LATENT_DEFECT,0.07494259343030374,-1,1
C45-043,L45,LATENT_DEFECT,-0.010492880531258741,1,0
C24-077,L24,NORMAL,-0.11505520980675182,1,0
C45-075,L45,NORMAL,-0.04896025225435091,1,0
C16-025,L16,NORMAL,-0.10568140300927104,1,0
C32-056,L32,NORMAL,-0.09778915565995833,1,0
C24-081,L24,NORMAL,-0.0711888693027331,1,0
C21-050,L21,NORMAL,-0.0831590610043158,1,0
C08-037,L08,NORMAL,-0.03237328217632829,1,0
C04-048,L04,NORMAL,-0.0730066061486992,1,0
C05-007,L05,NORMAL,-0.10450328585675822,1,0
C38-098,L38,NORMAL,-0.116098704566027,1,0
C21-080,L21,NORMAL,-0.07376621814043649,1,0
C35-087,L35,NORMAL,-0.1278345971257327,1,0
C35-062,L35,NORMAL,-0.10413663006465851,1,0
C22-045,L22,NORMAL,-0.0729920690701979,1,0
C42-081,L42,NORMAL,-0.09081785241598456,1,0
C35-097,L35,NORMAL,-0.1045694276874275,1,0
C30-037,L30,LATENT_DEFECT,-0.01822308971949549,1,0
C29-054,L29,NORMAL,-0.10017193136519326,1,0
C22-002,L22,NORMAL,-0.11548009058263842,1,0
C31-069,L31,NORMAL,-0.11254066638639504,1,0
C41-056,L41,NORMAL,-0.0760552493515963,1,0
C47-001,L47,LATENT_DEFECT,0.01948221750295409,-1,1
C11-024,L11,NORMAL,-0.08711870891546158,1,0
C35-081,L35,NORMAL,-0.0978949679429858,1,0
C26-029,L26,NORMAL,-0.10540731347376614,1,0
C40-082,L40,NORMAL,-0.10971656835731952,1,0
C45-042,L45,NORMAL,-0.10691335945747166,1,0
C16-004,L16,NORMAL,-0.1002634503175186,1,0
C26-090,L26,NORMAL,-0.06633269186512336,1,0
C42-040,L42,NORMAL,-0.09409688342966582,1,0
C04-061,L04,NORMAL,-0.09842963930179588,1,0
C47-008,L47,NORMAL,-0.08849076304024028,1,0
C16-072,L16,NORMAL,-0.12594069870097052,1,0
C04-093,L04,NORMAL,-0.09289604711388644,1,0
C16-067,L16,NORMAL,-0.12907907335668972,1,0
C30-088,L30,NORMAL,-0.07739817109258579,1,0
C06-081,L06,NORMAL,-0.11770390616115967,1,0
C29-020,L29,NORMAL,-0.08265561432765178,1,0
C08-060,L08,NORMAL,-0.05492980172637263,1,0
C18-100,L18,NORMAL,-0.11850932015882365,1,0
C31-036,L31,NORMAL,-0.12667989899939308,1,0
C31-095,L31,NORMAL,-0.11870143458684224,1,0
C41-100,L41,NORMAL,-0.13150913043890922,1,0
C17-061,L17,NORMAL,-0.09433163329522348,1,0
C33-059,L33,NORMAL,-0.12254927468049609,1,0
C45-059,L45,NORMAL,-0.1135430369873785,1,0
C04-043,L04,NORMAL,-0.060502303868012974,1,0
C33-074,L33,OBVIOUS_FAILURE,0.2592820356183394,-1,1
C06-005,L06,LATENT_DEFECT,0.022321413431834913,-1,1
C26-074,L26,LATENT_DEFECT,0.03894355708893116,-1,1
C33-001,L33,NORMAL,-0.09458247798689007,1,0
C40-094,L40,NORMAL,-0.12700512785262497,1,0
C04-069,L04,NORMAL,-0.04949378684503897,1,0
C30-076,L30,NORMAL,-0.11180286434663805,1,0
C42-073,L42,NORMAL,-0.0964788589128826,1,0
C35-032,L35,NORMAL,-0.12196704648933077,1,0
C05-038,L05,OBVIOUS_FAILURE,0.17815904430693197,-1,1
C17-097,L17,NORMAL,-0.09434729054630903,1,0
C33-081,L33,NORMAL,-0.10156915457174431,1,0
C33-029,L33,NORMAL,-0.08125135717151866,1,0
C17-059,L17,NORMAL,-0.1232932194029901,1,0
C11-042,L11,NORMAL,-0.10497896306524879,1,0
C21-020,L21,NORMAL,-0.11288683972751146,1,0
C41-075,L41,NORMAL,-0.0881691132591772,1,0
C05-066,L05,NORMAL,-0.09572859811197754,1,0
C06-049,L06,NORMAL,-0.09244580948548348,1,0
C25-032,L25,NORMAL,-0.07547843602689858,1,0
C32-018,L32,NORMAL,-0.1275831424157184,1,0
C10-047,L10,NORMAL,-0.10692290665458576,1,0
C39-083,L39,NORMAL,-0.11446531553807626,1,0
C25-059,L25,LATENT_DEFECT,0.02002151351496151,-1,1
C33-046,L33,NORMAL,-0.10119514730589613,1,0
C25-030,L25,NORMAL,-0.08598934184359042,1,0
C48-096,L48,NORMAL,-0.08602044241647677,1,0
C33-051,L33,NORMAL,-0.0603051455134333,1,0
C10-035,L10,NORMAL,-0.12430129694874348,1,0
C33-023,L33,NORMAL,-0.06797409359573314,1,0
C11-078,L11,NORMAL,-0.10406208725526195,1,0
C42-086,L42,NORMAL,-0.04569352948541383,1,0
C46-100,L46,NORMAL,-0.07866048309743101,1,0
C39-049,L39,OBVIOUS_FAILURE,0.17619923996324305,-1,1
C30-049,L30,NORMAL,-0.10958021360221432,1,0
C17-063,L17,NORMAL,-0.09369687387007808,1,0
C08-089,L08,NORMAL,-0.048150673041383096,1,0
C06-036,L06,NORMAL,-0.04663430214876629,1,0
C45-040,L45,LATENT_DEFECT,0.07861778936447039,-1,1
C31-085,L31,NORMAL,-0.10273563359150867,1,0
C06-068,L06,NORMAL,-0.07928320060578697,1,0
C17-071,L17,LATENT_DEFECT,0.06281493515559078,-1,1
C33-066,L33,NORMAL,-0.11294736302533942,1,0
C10-038,L10,NORMAL,-0.10861267969196259,1,0
C16-074,L16,NORMAL,-0.12990144295743328,1,0
C06-050,L06,NORMAL,-0.13697792664814623,1,0
C35-002,L35,NORMAL,-0.11357236857272118,1,0
C27-075,L27,NORMAL,-0.09372134008968203,1,0
C33-043,L33,NORMAL,-0.08259690589245938,1,0
C32-082,L32,NORMAL,-0.1350457525101828,1,0
C45-054,L45,NORMAL,-0.12656023111567405,1,0
C44-095,L44,NORMAL,-0.12543373523088114,1,0
C46-098,L46,NORMAL,-0.09409717489446107,1,0
C10-049,L10,NORMAL,-0.11434872443890431,1,0
C26-070,L26,NORMAL,-0.10723559895060353,1,0
C17-017,L17,NORMAL,-0.04623031603721134,1,0
C42-094,L42,NORMAL,-0.09481488604742211,1,0
C45-050,L45,LATENT_DEFECT,-0.0018813522267410177,1,0
C32-049,L32,NORMAL,-0.09759357016303982,1,0
C31-002,L31,NORMAL,-0.09306000227477285,1,0
C44-008,L44,NORMAL,-0.1297533430588404,1,0
C22-069,L22,NORMAL,-0.10101889750619597,1,0
C04-083,L04,LATENT_DEFECT,0.05022557555429319,-1,1
C43-022,L43,NORMAL,-0.09730018374041893,1,0
C26-061,L26,NORMAL,-0.07793803535641514,1,0
C30-094,L30,NORMAL,-0.11399528884289162,1,0
C28-069,L28,NORMAL,-0.129168214517842,1,0
C32-001,L32,NORMAL,-0.10477306491438526,1,0
C10-076,L10,NORMAL,-0.12634605585906705,1,0
C11-018,L11,NORMAL,-0.12537469282082037,1,0
C10-005,L10,NORMAL,-0.12131228459375382,1,0
C08-085,L08,NORMAL,-0.05614584096086245,1,0
C43-032,L43,NORMAL,-0.08955753406170214,1,0
C33-053,L33,NORMAL,-0.09697835097273588,1,0
C28-034,L28,NORMAL,-0.11488426303254912,1,0
C48-036,L48,NORMAL,-0.10217146188703785,1,0
C16-089,L16,NORMAL,-0.13538504111341537,1,0
C24-041,L24,NORMAL,-0.1152231429948366,1,0
C04-063,L04,NORMAL,-0.04440977524546025,1,0
C18-053,L18,NORMAL,-0.1414624040882298,1,0
C47-010,L47,NORMAL,-0.09052167495244245,1,0
C43-084,L43,NORMAL,-0.10438755707306074,1,0
C24-063,L24,NORMAL,-0.10791913214637472,1,0
C06-024,L06,NORMAL,-0.0955509479977007,1,0
C33-094,L33,NORMAL,-0.07300169334399764,1,0
C08-074,L08,NORMAL,-0.03451453471093002,1,0
C30-025,L30,NORMAL,-0.12369270390663151,1,0
C44-055,L44,NORMAL,-0.13257401587892054,1,0
C48-048,L48,NORMAL,-0.1321130554964453,1,0
C45-031,L45,NORMAL,-0.11805528407554716,1,0
C46-032,L46,NORMAL,-0.11185763150209949,1,0
C04-010,L04,NORMAL,-0.08408025888572912,1,0
C39-098,L39,LATENT_DEFECT,0.0016083262886135152,-1,1
C31-045,L31,NORMAL,-0.09766038485942102,1,0
C30-039,L30,NORMAL,-0.1135624993579451,1,0
C17-009,L17,NORMAL,-0.11136462700560545,1,0
C06-056,L06,NORMAL,-0.10931521335760458,1,0
C28-018,L28,NORMAL,-0.11803201910907973,1,0
C08-090,L08,NORMAL,-0.057779959991956786,1,0
C27-082,L27,NORMAL,-0.12916203178820568,1,0
C19-025,L19,NORMAL,-0.11551467159583012,1,0
C40-009,L40,OBVIOUS_FAILURE,0.12224919494106168,-1,1
C32-037,L32,NORMAL,-0.11684214690460981,1,0
C42-099,L42,NORMAL,-0.11616210057559645,1,0
C24-025,L24,NORMAL,-0.0922429121567428,1,0
C40-050,L40,NORMAL,-0.11296027957215593,1,0
C31-047,L31,NORMAL,-0.11148179676837083,1,0
C17-040,L17,NORMAL,-0.12115317815020876,1,0
C04-041,L04,NORMAL,-0.11076186488037498,1,0
C18-069,L18,NORMAL,-0.05508393372719611,1,0
C11-040,L11,NORMAL,-0.09341432816750672,1,0
C42-046,L42,NORMAL,-0.09363153269016239,1,0
C44-023,L44,NORMAL,-0.10870606755191375,1,0
C42-024,L42,LATENT_DEFECT,0.022543274939752944,-1,1
C25-072,L25,NORMAL,-0.08501470624393281,1,0
C22-046,L22,NORMAL,-0.08447998897365527,1,0
C21-032,L21,NORMAL,-0.1186355975801327,1,0
C08-073,L08,NORMAL,-0.05913286675857837,1,0
C16-068,L16,NORMAL,-0.10520047689153805,1,0
C08-058,L08,LATENT_DEFECT,0.054016063104858736,-1,1
C19-068,L19,NORMAL,-0.08814794223035094,1,0
C25-054,L25,NORMAL,-0.09901561721348362,1,0
C21-036,L21,NORMAL,-0.013533924208281312,1,0
C10-071,L10,NORMAL,-0.1305788166330446,1,0
C45-024,L45,NORMAL,-0.08694211087457249,1,0
C25-097,L25,NORMAL,-0.10744088543027108,1,0
C45-057,L45,NORMAL,-0.1131539483087649,1,0
C27-050,L27,NORMAL,-0.139235794862206,1,0
C24-057,L24,NORMAL,-0.10902980575081922,1,0
C32-095,L32,NORMAL,-0.1258579340613442,1,0
C27-056,L27,NORMAL,-0.13117730035765413,1,0
C45-018,L45,NORMAL,-0.11166180835999168,1,0
C24-051,L24,NORMAL,-0.08177420036911681,1,0
C28-100,L28,NORMAL,-0.07564834178633084,1,0
C24-053,L24,NORMAL,-0.08697167458772842,1,0
C47-048,L47,NORMAL,-0.05770185455902127,1,0
C04-080,L04,NORMAL,-0.11436197947280591,1,0
C22-073,L22,NORMAL,-0.10863722014360483,1,0
C18-015,L18,LATENT_DEFECT,-0.04274547560412029,1,0
C30-053,L30,NORMAL,-0.12812427472967147,1,0
C35-021,L35,NORMAL,-0.10474134239005256,1,0
C42-020,L42,NORMAL,-0.08841334865393163,1,0
C48-071,L48,NORMAL,-0.09280195092343368,1,0
C33-006,L33,NORMAL,-0.09345502518796328,1,0
C05-034,L05,NORMAL,-0.06325243780586304,1,0
C22-041,L22,LATENT_DEFECT,0.05140020199872952,-1,1
C19-034,L19,LATENT_DEFECT,-0.003342091327485752,1,0
C19-029,L19,NORMAL,-0.10207266335806825,1,0
C18-024,L18,NORMAL,-0.11635141347291594,1,0
C27-032,L27,NORMAL,-0.13587163103084804,1,0
C24-015,L24,NORMAL,-0.11938589421618412,1,0
C11-005,L11,NORMAL,-0.11236644565032855,1,0
C50-059,L50,NORMAL,-0.09010502910988588,1,0
C38-096,L38,NORMAL,-0.11774852758812304,1,0
C31-097,L31,LATENT_DEFECT,0.037878851401006663,-1,1
C39-035,L39,NORMAL,-0.08555845286224789,1,0
C31-059,L31,NORMAL,-0.11272957068359774,1,0
C25-085,L25,NORMAL,-0.08082395011384808,1,0
C18-095,L18,NORMAL,-0.11788233010611754,1,0
C18-029,L18,NORMAL,-0.12133126053928422,1,0
C50-006,L50,NORMAL,-0.0820278800046132,1,0
C40-024,L40,NORMAL,-0.11254468702417092,1,0
C28-084,L28,NORMAL,-0.11631233009897346,1,0
C45-002,L45,NORMAL,-0.09519538424146906,1,0
C44-082,L44,NORMAL,-0.1229163907340518,1,0
C46-030,L46,NORMAL,-0.09107063109249608,1,0
C16-053,L16,NORMAL,-0.11436323391027836,1,0
C05-073,L05,NORMAL,-0.09298047357332956,1,0
C04-039,L04,LATENT_DEFECT,0.01768345183541986,-1,1
C48-038,L48,NORMAL,-0.11650199403799699,1,0
C17-014,L17,NORMAL,-0.09282878325297206,1,0
C04-091,L04,NORMAL,-0.09900454867913117,1,0
C50-046,L50,NORMAL,-0.09545004938508644,1,0
C24-006,L24,NORMAL,-0.09826213793153188,1,0
C43-081,L43,NORMAL,-0.109690709996628,1,0
C45-014,L45,NORMAL,-0.13131979774032992,1,0
C30-028,L30,NORMAL,-0.05514228813125077,1,0
C22-056,L22,NORMAL,-0.10526531284412854,1,0
C25-025,L25,NORMAL,-0.11178362901598654,1,0
C06-017,L06,NORMAL,-0.1026280917822463,1,0
C11-011,L11,NORMAL,-0.1193010657488549,1,0
C28-081,L28,NORMAL,-0.1415086246716709,1,0
C10-100,L10,NORMAL,-0.12101303448345418,1,0
C43-087,L43,NORMAL,-0.12525791746388737,1,0
C30-057,L30,NORMAL,-0.09319725116912247,1,0
C25-089,L25,NORMAL,-0.05498698100705074,1,0
C27-020,L27,NORMAL,-0.09931276172030118,1,0
C38-087,L38,NORMAL,-0.12136650398413534,1,0
C50-100,L50,NORMAL,-0.07939319273075585,1,0
C32-077,L32,NORMAL,-0.11117885843837244,1,0
C27-041,L27,NORMAL,-0.13125811257730485,1,0
C24-018,L24,NORMAL,-0.09813261497723419,1,0
C41-082,L41,NORMAL,-0.10198603275999185,1,0
C48-042,L48,NORMAL,-0.12049093869024591,1,0
C26-017,L26,NORMAL,-0.07074022987002793,1,0
C35-018,L35,NORMAL,-0.11864687483189512,1,0
C44-034,L44,NORMAL,-0.11872187319158595,1,0
C28-077,L28,NORMAL,-0.14181863341698825,1,0
C22-098,L22,NORMAL,-0.09713582169174845,1,0
C27-043,L27,NORMAL,-0.12677429175060906,1,0
C40-040,L40,NORMAL,-0.10902145030881932,1,0
C19-054,L19,LATENT_DEFECT,0.06701080232724543,-1,1
C41-036,L41,LATENT_DEFECT,0.03348965036221763,-1,1
C17-051,L17,NORMAL,-0.130326162369506,1,0
C42-006,L42,NORMAL,-0.07824952983243028,1,0
C06-035,L06,NORMAL,-0.12124320785665266,1,0
C17-033,L17,NORMAL,-0.11574244424031005,1,0
C50-091,L50,NORMAL,-0.07488423653252091,1,0
C22-057,L22,NORMAL,-0.05275980249455087,1,0
C45-001,L45,NORMAL,-0.09791137462101157,1,0
C39-046,L39,NORMAL,-0.08415523543529613,1,0
C24-010,L24,NORMAL,-0.10120960099196397,1,0
C21-066,L21,NORMAL,-0.10002120362541789,1,0
C33-057,L33,NORMAL,-0.08104232002551887,1,0
C21-063,L21,NORMAL,-0.0670705541577834,1,0
C41-017,L41,NORMAL,-0.04641379231650222,1,0
C22-068,L22,NORMAL,-0.10136527859247935,1,0
C26-093,L26,NORMAL,-0.10977678197379687,1,0
C43-082,L43,NORMAL,-0.09839874463790416,1,0
C18-085,L18,NORMAL,-0.12802988648270242,1,0
C05-044,L05,NORMAL,-0.09096830235731518,1,0
C50-032,L50,NORMAL,-0.09990714631983705,1,0
C18-051,L18,NORMAL,-0.1211434132680671,1,0
C42-083,L42,NORMAL,-0.09732742421415125,1,0
C17-018,L17,NORMAL,-0.0959887760956496,1,0
C48-017,L48,NORMAL,-0.08524359869884479,1,0
C40-003,L40,NORMAL,-0.13568516367767286,1,0
C06-065,L06,NORMAL,-0.11747517229701382,1,0
C04-076,L04,NORMAL,-0.046209040016238156,1,0
C39-093,L39,NORMAL,-0.09947128316391185,1,0
C08-096,L08,NORMAL,-0.061943205137846735,1,0
C44-068,L44,OBVIOUS_FAILURE,0.18293505704150426,-1,1
C35-025,L35,LATENT_DEFECT,0.018073760577213882,-1,1
C47-067,L47,NORMAL,-0.0969414252870095,1,0
C08-097,L08,NORMAL,-0.06419973792450184,1,0
C25-066,L25,NORMAL,-0.08836025234246553,1,0
C47-021,L47,LATENT_DEFECT,0.006367399670007545,-1,1
C31-004,L31,NORMAL,-0.0952820445316247,1,0
C11-096,L11,NORMAL,-0.11327470573779874,1,0
C33-010,L33,NORMAL,-0.10332863348316973,1,0
C24-097,L24,NORMAL,-0.10929426330328307,1,0
C30-022,L30,NORMAL,-0.12706091828502136,1,0
C18-073,L18,NORMAL,-0.12688667327324687,1,0
C48-097,L48,NORMAL,-0.11046707033099107,1,0
C38-027,L38,NORMAL,-0.11481835879532687,1,0
C27-049,L27,NORMAL,-0.14333420767305843,1,0
C04-037,L04,NORMAL,-0.08934122683275408,1,0
C42-011,L42,NORMAL,-0.10433242111457425,1,0
C44-044,L44,OBVIOUS_FAILURE,0.1656534444141622,-1,1
C33-044,L33,NORMAL,-0.10186302283326665,1,0
C44-080,L44,NORMAL,-0.11105212340766574,1,0
C19-078,L19,NORMAL,-0.09693115007106545,1,0
C27-072,L27,NORMAL,-0.12887531136699465,1,0
C22-023,L22,NORMAL,-0.10339837449257411,1,0
C42-087,L42,NORMAL,-0.05890706373503923,1,0
C35-040,L35,NORMAL,-0.11131292612665356,1,0
C40-005,L40,NORMAL,-0.09675475465035993,1,0
C30-093,L30,NORMAL,-0.12583689643073998,1,0
C16-076,L16,NORMAL,-0.13696730997732098,1,0
C43-009,L43,OBVIOUS_FAILURE,0.16573507817719146,-1,1
C17-029,L17,NORMAL,-0.12335802465600582,1,0
C10-013,L10,NORMAL,-0.08360999722373857,1,0
C27-017,L27,NORMAL,-0.11849808164303721,1,0
C28-050,L28,NORMAL,-0.09516284426680088,1,0
C18-026,L18,NORMAL,-0.09755535880922567,1,0
C16-017,L16,NORMAL,-0.13022214527503467,1,0
C05-015,L05,NORMAL,-0.08371777520089618,1,0
C10-018,L10,OBVIOUS_FAILURE,0.17727950247964286,-1,1
C28-026,L28,NORMAL,-0.12074204845672049,1,0
C41-053,L41,NORMAL,-0.05813758993591023,1,0
C50-028,L50,NORMAL,-0.06426189264109355,1,0
C04-090,L04,LATENT_DEFECT,0.005522962518926033,-1,1
C43-097,L43,NORMAL,-0.10762488734283959,1,0
C45-053,L45,LATENT_DEFECT,0.048242696182158484,-1,1
C32-083,L32,NORMAL,-0.13678540440569098,1,0
C17-054,L17,NORMAL,-0.10331504665053848,1,0
C40-047,L40,NORMAL,-0.09217983338875652,1,0
C28-031,L28,OBVIOUS_FAILURE,0.10909905854730872,-1,1
C04-012,L04,NORMAL,-0.09019722663477919,1,0
C39-045,L39,LATENT_DEFECT,0.032995799588489305,-1,1
C06-085,L06,OBVIOUS_FAILURE,0.1424184094324139,-1,1
C21-067,L21,NORMAL,-0.09467506225008593,1,0
C22-092,L22,NORMAL,-0.11291620459408236,1,0
C26-041,L26,NORMAL,-0.09873083448781,1,0
C47-072,L47,NORMAL,-0.0929549203727219,1,0
C47-070,L47,LATENT_DEFECT,0.05133102914593557,-1,1
C42-039,L42,NORMAL,-0.09487096141411777,1,0
C46-062,L46,NORMAL,-0.08302881702829007,1,0
C27-069,L27,NORMAL,-0.11867487437202806,1,0
C39-028,L39,NORMAL,-0.08480166872006178,1,0
C42-038,L42,NORMAL,-0.0880715030623721,1,0
C45-005,L45,NORMAL,-0.08887713364333755,1,0
C28-088,L28,NORMAL,-0.10535213778446645,1,0
C18-052,L18,NORMAL,-0.10494815956444009,1,0
C35-008,L35,NORMAL,-0.10657395562008709,1,0
C18-096,L18,NORMAL,-0.13246752285177232,1,0
C10-097,L10,NORMAL,-0.12392572525202811,1,0
C38-006,L38,NORMAL,-0.11711685058304072,1,0
C29-083,L29,NORMAL,-0.08947476425154471,1,0
C08-036,L08,LATENT_DEFECT,0.06597102044261938,-1,1
C43-040,L43,NORMAL,-0.11570523848379533,1,0
C11-016,L11,NORMAL,-0.11340324092384291,1,0
C25-049,L25,NORMAL,-0.08463708307684836,1,0
C21-016,L21,NORMAL,-0.11238922859262884,1,0
C43-017,L43,NORMAL,-0.09787665573731757,1,0
C47-079,L47,NORMAL,-0.07299226414816201,1,0
C47-074,L47,NORMAL,-0.10453251882396392,1,0
C43-010,L43,NORMAL,-0.11067616973846311,1,0
C44-099,L44,NORMAL,-0.11547637066251248,1,0
C29-082,L29,NORMAL,-0.10103347665983348,1,0
C40-070,L40,NORMAL,-0.11664834770041232,1,0
C29-086,L29,NORMAL,-0.05043955923518184,1,0
C32-071,L32,NORMAL,-0.13609936433047715,1,0
C08-057,L08,NORMAL,-0.10437518238198518,1,0
C48-028,L48,NORMAL,-0.10912899396306913,1,0
C25-013,L25,NORMAL,-0.08283946156986033,1,0
C28-036,L28,NORMAL,-0.061207567817067265,1,0
C11-051,L11,NORMAL,-0.11837610377188823,1,0
C38-089,L38,OBVIOUS_FAILURE,0.16223118632420008,-1,1
C39-080,L39,NORMAL,-0.094416028073804,1,0
C40-022,L40,NORMAL,-0.12723878071647127,1,0
C35-066,L35,LATENT_DEFECT,0.03653165176252293,-1,1
C44-060,L44,NORMAL,-0.1295067478666857,1,0
C24-028,L24,NORMAL,-0.11404707217333038,1,0
C46-027,L46,NORMAL,-0.06475668009012986,1,0
C19-058,L19,LATENT_DEFECT,0.06831583563185195,-1,1
C29-074,L29,NORMAL,-0.0861770578585469,1,0
C33-042,L33,NORMAL,-0.09094040244069135,1,0
C21-009,L21,NORMAL,-0.11270168609106607,1,0
C21-093,L21,NORMAL,-0.09346790922254938,1,0
C46-019,L46,LATENT_DEFECT,0.0036259375066239885,-1,1
C42-045,L42,LATENT_DEFECT,-0.012481412584502416,1,0
C19-097,L19,LATENT_DEFECT,0.0034651912568215426,-1,1
C28-080,L28,NORMAL,-0.12167147224070296,1,0
C05-054,L05,NORMAL,-0.09374967149918406,1,0
C47-050,L47,NORMAL,-0.1059030981405179,1,0
C44-009,L44,NORMAL,-0.11185777917991663,1,0
C43-038,L43,NORMAL,-0.09986932344222832,1,0
C11-081,L11,NORMAL,-0.0723495571976121,1,0
C26-071,L26,NORMAL,-0.08402856556819016,1,0
C17-004,L17,NORMAL,-0.10478951608787979,1,0
C24-013,L24,NORMAL,-0.06373632798215606,1,0
C18-097,L18,NORMAL,-0.13390197484585886,1,0
C10-088,L10,NORMAL,-0.10865938506502593,1,0
C11-060,L11,NORMAL,-0.08412561191849804,1,0
C22-042,L22,NORMAL,-0.07257651105236995,1,0
C22-020,L22,NORMAL,-0.06535436853542792,1,0
C43-050,L43,NORMAL,-0.11678274809848244,1,0
C11-013,L11,NORMAL,-0.11385319961700008,1,0
C16-034,L16,NORMAL,-0.07649210330419737,1,0
C45-013,L45,NORMAL,-0.06219022611573066,1,0
C28-065,L28,NORMAL,-0.1134176172667119,1,0
C21-013,L21,NORMAL,-0.0906219603516904,1,0
C31-032,L31,NORMAL,-0.03336542123398217,1,0
C22-051,L22,NORMAL,-0.08630940423738953,1,0
C43-039,L43,NORMAL,-0.1274855827498324,1,0
C47-076,L47,NORMAL,-0.0997905570910051,1,0
C05-017,L05,NORMAL,-0.08664978858941219,1,0
C17-041,L17,NORMAL,-0.10705293982675818,1,0
C47-026,L47,NORMAL,-0.09909327202492091,1,0
C31-075,L31,NORMAL,-0.10755818360676439,1,0
C21-082,L21,NORMAL,-0.09060856141252699,1,0
C30-011,L30,NORMAL,-0.07716591698421599,1,0
C18-031,L18,NORMAL,-0.12732279268850533,1,0
C05-020,L05,OBVIOUS_FAILURE,0.1765775484120461,-1,1
C16-057,L16,NORMAL,-0.13911737565003585,1,0
C46-087,L46,NORMAL,-0.11096334361650034,1,0
C46-040,L46,NORMAL,-0.06768090734085663,1,0
C50-019,L50,NORMAL,-0.0932543124524714,1,0
C16-036,L16,NORMAL,-0.1398812374551367,1,0
C08-070,L08,NORMAL,-0.09347122824656562,1,0
C06-069,L06,NORMAL,-0.10954119890723385,1,0
C42-004,L42,NORMAL,-0.11416010905269247,1,0
C44-084,L44,NORMAL,-0.13408238242983894,1,0
C43-071,L43,LATENT_DEFECT,-0.004452601375482312,1,0
C44-015,L44,NORMAL,-0.11949381094315531,1,0
C04-047,L04,NORMAL,-0.06440557235509653,1,0
C47-042,L47,NORMAL,-0.07713628409748013,1,0
C19-092,L19,NORMAL,-0.10170414735219724,1,0
C18-077,L18,NORMAL,-0.13363918077266823,1,0
C17-074,L17,NORMAL,-0.07308910837061716,1,0
C24-020,L24,NORMAL,-0.11136629593872599,1,0
C22-027,L22,NORMAL,-0.09591282533617013,1,0
C04-005,L04,NORMAL,-0.07055017765902638,1,0
C27-096,L27,NORMAL,-0.07780780625863054,1,0
C38-012,L38,NORMAL,-0.10397128392266641,1,0
C48-051,L48,NORMAL,-0.0826887539235191,1,0
C39-092,L39,NORMAL,-0.09500179657008129,1,0
C21-078,L21,NORMAL,-0.10111635596488133,1,0
C18-038,L18,OBVIOUS_FAILURE,0.17160847067607676,-1,1
C16-082,L16,NORMAL,-0.11907230833150334,1,0
C29-016,L29,NORMAL,-0.06906867500706354,1,0
C38-053,L38,NORMAL,-0.12340348782555427,1,0
C41-018,L41,NORMAL,-0.11485254375905152,1,0
C38-062,L38,NORMAL,-0.11156636139330967,1,0
C33-098,L33,NORMAL,-0.10011331371557547,1,0
C22-049,L22,NORMAL,-0.11176510190779027,1,0
C11-075,L11,NORMAL,-0.08057026233703729,1,0
C04-051,L04,NORMAL,-0.06229053083153835,1,0
C18-054,L18,NORMAL,-0.12465701767524495,1,0
C31-083,L31,NORMAL,-0.08544431122408153,1,0
C42-075,L42,NORMAL,-0.06587886704791573,1,0
C30-024,L30,LATENT_DEFECT,0.04362495423790713,-1,1
C18-034,L18,NORMAL,-0.139189471260583,1,0
C22-016,L22,LATENT_DEFECT,0.04758405717271752,-1,1
C22-067,L22,LATENT_DEFECT,0.03427831838094131,-1,1
C40-019,L40,NORMAL,-0.14226079298612715,1,0
C31-007,L31,NORMAL,-0.11798481395268784,1,0
C19-072,L19,LATENT_DEFECT,0.025832028833892573,-1,1
C42-002,L42,LATENT_DEFECT,0.018233434383617353,-1,1
C08-100,L08,NORMAL,-0.05406769029043523,1,0
C40-060,L40,NORMAL,-0.11363822529289241,1,0
C38-069,L38,NORMAL,-0.12210324946778983,1,0
C04-020,L04,NORMAL,-0.10489641222097784,1,0
C16-085,L16,NORMAL,-0.13232312535629587,1,0
C04-036,L04,NORMAL,-0.07725427513522393,1,0
C44-051,L44,NORMAL,-0.1308924733486217,1,0
C48-001,L48,NORMAL,-0.09202523199129103,1,0
C43-076,L43,NORMAL,-0.1236215799893653,1,0
C11-025,L11,NORMAL,-0.10562855848546476,1,0
C39-056,L39,NORMAL,-0.1105107184619436,1,0
C19-021,L19,LATENT_DEFECT,0.016601644350917377,-1,1
C30-042,L30,NORMAL,-0.11579497801231797,1,0
C30-091,L30,NORMAL,-0.11499903939472789,1,0
C11-038,L11,NORMAL,-0.12066204450517964,1,0
C43-007,L43,NORMAL,-0.1261143428676615,1,0
C29-006,L29,NORMAL,-0.07532946124400036,1,0
C50-037,L50,NORMAL,-0.08186273975309971,1,0
C06-046,L06,NORMAL,-0.06055641817123636,1,0
C17-085,L17,NORMAL,-0.09873862310352433,1,0
C26-010,L26,OBVIOUS_FAILURE,0.25406982916398535,-1,1
C40-038,L40,NORMAL,-0.11845968056713357,1,0
C05-055,L05,NORMAL,-0.08488122892723915,1,0
C45-010,L45,NORMAL,-0.10078210427932599,1,0
C28-087,L28,NORMAL,-0.1276908842187856,1,0
C44-002,L44,NORMAL,-0.13088737660331617,1,0
C16-026,L16,NORMAL,-0.13595339201056833,1,0
C42-034,L42,NORMAL,-0.08396866214727428,1,0
C48-055,L48,NORMAL,-0.0838294360042452,1,0
C25-047,L25,NORMAL,-0.07093886946821965,1,0
C11-070,L11,NORMAL,-0.09001748000054954,1,0
C50-020,L50,NORMAL,-0.07648425592878838,1,0
C29-059,L29,NORMAL,-0.1044504977873249,1,0
C30-017,L30,NORMAL,-0.12252678103684095,1,0
C32-066,L32,NORMAL,-0.10649542031308606,1,0
C05-028,L05,NORMAL,-0.06330618460385873,1,0
C50-073,L50,NORMAL,-0.11569782316540062,1,0
C32-007,L32,NORMAL,-0.14337137879780643,1,0
C44-076,L44,NORMAL,-0.12237554640796622,1,0
C19-081,L19,NORMAL,-0.09538853709550021,1,0
C50-069,L50,NORMAL,-0.0906755029289742,1,0
C05-091,L05,NORMAL,-0.06153273237766754,1,0
C22-040,L22,NORMAL,-0.0905158110258682,1,0
C19-093,L19,NORMAL,-0.12601905548274717,1,0
C16-100,L16,NORMAL,-0.10469414819554523,1,0
C16-007,L16,NORMAL,-0.13441882225511842,1,0
C05-081,L05,NORMAL,-0.04577369115154756,1,0
C08-002,L08,NORMAL,-0.07893500442464335,1,0
C40-045,L40,NORMAL,-0.11672993800635639,1,0
C48-023,L48,NORMAL,-0.09388133766671375,1,0
C21-061,L21,NORMAL,-0.10416283013421374,1,0
C48-047,L48,NORMAL,-0.13597563251896028,1,0
C48-057,L48,NORMAL,-0.1137267778745078,1,0
C40-066,L40,NORMAL,-0.13012485162466536,1,0
C21-070,L21,NORMAL,-0.07026809083974728,1,0
C40-025,L40,NORMAL,-0.12325786427473906,1,0
C35-006,L35,NORMAL,-0.08972292581100677,1,0
C24-044,L24,NORMAL,-0.11227376730008887,1,0
C04-017,L04,LATENT_DEFECT,0.04554361566109921,-1,1
C46-021,L46,NORMAL,-0.08766082178878809,1,0
C50-076,L50,NORMAL,-0.07378936117965873,1,0
C11-047,L11,NORMAL,-0.1087494948489936,1,0
C16-059,L16,NORMAL,-0.11713650259663433,1,0
C46-055,L46,NORMAL,-0.11177762038091715,1,0
C45-068,L45,NORMAL,-0.09117770674679754,1,0
C46-093,L46,NORMAL,-0.09744375628941249,1,0
C27-005,L27,LATENT_DEFECT,-0.011981879463193179,1,0
C19-060,L19,NORMAL,-0.12075135656922537,1,0
C44-027,L44,NORMAL,-0.12199861617358282,1,0
C38-032,L38,NORMAL,-0.11713779481996539,1,0
C17-098,L17,NORMAL,-0.10021548443605194,1,0
C06-026,L06,NORMAL,-0.11269549429219694,1,0
C32-075,L32,NORMAL,-0.11480272287982463,1,0
C29-100,L29,NORMAL,-0.054362928034664304,1,0
C39-086,L39,LATENT_DEFECT,0.03773910393524349,-1,1
C50-055,L50,NORMAL,-0.10103803356666174,1,0
C35-078,L35,NORMAL,-0.08296214867186424,1,0
C32-086,L32,NORMAL,-0.11508641271581893,1,0
C28-094,L28,NORMAL,-0.11811268838091843,1,0
C42-098,L42,NORMAL,-0.09337336934625573,1,0
C21-046,L21,NORMAL,-0.10259680073719624,1,0
C10-070,L10,NORMAL,-0.11677180552508987,1,0
C19-055,L19,NORMAL,-0.1265871678799505,1,0
C50-072,L50,NORMAL,-0.08629642651679098,1,0
C42-036,L42,NORMAL,-0.08715657797831866,1,0
C48-063,L48,NORMAL,-0.10211025324021167,1,0
C16-040,L16,NORMAL,-0.1301301931345114,1,0
C47-046,L47,NORMAL,-0.08373371899769128,1,0
C24-019,L24,NORMAL,-0.1107996714226564,1,0
C22-059,L22,NORMAL,-0.09331096606381456,1,0
C26-016,L26,NORMAL,-0.10149906838547346,1,0
C46-066,L46,NORMAL,-0.12454082945969014,1,0
C27-028,L27,NORMAL,-0.12177809216912727,1,0
C50-008,L50,LATENT_DEFECT,0.042356407734934876,-1,1
C25-001,L25,NORMAL,-0.12204040873038519,1,0
C48-044,L48,NORMAL,-0.10893245798159545,1,0
C43-049,L43,LATENT_DEFECT,0.03140336726298354,-1,1
C28-004,L28,NORMAL,-0.12059851414978212,1,0
C05-061,L05,NORMAL,-0.10439044080485316,1,0
C29-005,L29,NORMAL,-0.08165387928660506,1,0
C19-057,L19,NORMAL,-0.12185295024496168,1,0
C43-070,L43,NORMAL,-0.10584279579247591,1,0
C50-001,L50,NORMAL,-0.08962770005739928,1,0
C18-078,L18,NORMAL,-0.11731702486722428,1,0
C31-020,L31,NORMAL,-0.11840731714643771,1,0
C44-062,L44,NORMAL,-0.1134946058950233,1,0
C30-085,L30,NORMAL,-0.1192481674913583,1,0
C35-001,L35,LATENT_DEFECT,0.004548890568379038,-1,1
C04-099,L04,NORMAL,-0.10012395943802016,1,0
C47-099,L47,NORMAL,-0.10577214991221284,1,0
C40-058,L40,NORMAL,-0.11444291128125322,1,0
C06-054,L06,LATENT_DEFECT,-0.018167364551188947,1,0
C05-004,L05,NORMAL,-0.08455430600396824,1,0
C26-046,L26,NORMAL,-0.10404526711001838,1,0
C26-044,L26,NORMAL,-0.10638301547084217,1,0
C28-049,L28,NORMAL,-0.1079798234803182,1,0
C11-087,L11,NORMAL,-0.09808721738783582,1,0
C16-028,L16,NORMAL,-0.12876100720964767,1,0
C28-097,L28,NORMAL,-0.10544576905871839,1,0
C33-002,L33,LATENT_DEFECT,0.04749673020155187,-1,1
C33-100,L33,NORMAL,-0.1070917514181634,1,0
C10-004,L10,NORMAL,-0.10616132468827566,1,0
C22-055,L22,NORMAL,-0.09717583424859305,1,0
C35-056,L35,LATENT_DEFECT,0.01597501165730031,-1,1
C43-064,L43,NORMAL,-0.12009672261317461,1,0
C28-083,L28,NORMAL,-0.07287403337796816,1,0
C46-071,L46,NORMAL,-0.07544456677271627,1,0
C32-057,L32,NORMAL,-0.14056801640501398,1,0
C45-063,L45,NORMAL,-0.11736968630540023,1,0
C48-019,L48,NORMAL,-0.10755187347039857,1,0
C46-009,L46,NORMAL,-0.08385206467381734,1,0
C10-053,L10,NORMAL,-0.12539378322586953,1,0
C38-002,L38,NORMAL,-0.10879115823613827,1,0
C25-028,L25,NORMAL,-0.06256945957555915,1,0
C44-045,L44,NORMAL,-0.1239368360082696,1,0
C32-050,L32,NORMAL,-0.12547654289629606,1,0
C18-081,L18,OBVIOUS_FAILURE,0.19284176942507114,-1,1
C50-004,L50,NORMAL,-0.08056234246727811,1,0
C16-024,L16,NORMAL,-0.12427270469081181,1,0
C38-094,L38,NORMAL,-0.12425267585812022,1,0
C47-037,L47,NORMAL,-0.07921580810245449,1,0
C29-088,L29,NORMAL,-0.08329531508088678,1,0
C06-063,L06,NORMAL,-0.10987386047505276,1,0
C28-035,L28,NORMAL,-0.12859882951595752,1,0
C26-039,L26,NORMAL,-0.09656039977294667,1,0
C33-099,L33,NORMAL,-0.10975070673401227,1,0
C31-070,L31,NORMAL,-0.1220180678400285,1,0
C40-021,L40,NORMAL,-0.11501448304284195,1,0
C30-003,L30,NORMAL,-0.10552850033732103,1,0
C16-041,L16,NORMAL,-0.11159951719771527,1,0
C50-085,L50,NORMAL,-0.08110378312686095,1,0
C38-086,L38,NORMAL,-0.08569766468761586,1,0
C40-099,L40,NORMAL,-0.119566318326645,1,0
C48-002,L48,NORMAL,-0.06446470851670444,1,0
C31-060,L31,NORMAL,-0.11487834729990115,1,0
C44-077,L44,NORMAL,-0.13562533168737995,1,0
C10-089,L10,NORMAL,-0.11190765491905436,1,0
C30-044,L30,NORMAL,-0.1177484031065395,1,0
C29-035,L29,LATENT_DEFECT,0.013304252118287119,-1,1
C44-012,L44,NORMAL,-0.1319352055488685,1,0
C47-020,L47,NORMAL,-0.08986068761053673,1,0
C05-047,L05,NORMAL,-0.08998588009489988,1,0
C27-035,L27,NORMAL,-0.11925309715912563,1,0
C31-087,L31,NORMAL,-0.08782572557379476,1,0
C25-070,L25,NORMAL,-0.10190376164041415,1,0
C39-051,L39,NORMAL,-0.08705622850007849,1,0
C50-024,L50,NORMAL,-0.0896586461853569,1,0
C45-003,L45,NORMAL,-0.10188360708938432,1,0
C43-012,L43,NORMAL,-0.11763483034157779,1,0
C16-060,L16,NORMAL,-0.13217544895627575,1,0
C29-095,L29,NORMAL,-0.08965012432144809,1,0
C40-012,L40,LATENT_DEFECT,0.008972853497976274,-1,1
C05-087,L05,NORMAL,-0.06638007558558556,1,0
C22-048,L22,NORMAL,-0.08078985912510045,1,0
C16-009,L16,NORMAL,-0.12196372437358166,1,0
C33-092,L33,NORMAL,-0.12251387559018173,1,0
C42-100,L42,NORMAL,-0.0726964384351158,1,0
C31-031,L31,OBVIOUS_FAILURE,0.1443161549267381,-1,1
C45-030,L45,NORMAL,-0.12534824925321814,1,0
C05-098,L05,NORMAL,-0.06060693606440426,1,0
C44-032,L44,NORMAL,-0.08984777560239865,1,0
C38-028,L38,OBVIOUS_FAILURE,0.21063162105487265,-1,1
C06-094,L06,NORMAL,-0.09181399626264825,1,0
C17-067,L17,NORMAL,-0.12424826819056273,1,0
C10-001,L10,NORMAL,-0.12994711516660878,1,0
C05-023,L05,NORMAL,-0.05894633890474571,1,0
C06-003,L06,LATENT_DEFECT,-0.008737900661545839,1,0
C18-036,L18,NORMAL,-0.11784045517935099,1,0
C35-095,L35,NORMAL,-0.10393967677521682,1,0
C26-040,L26,NORMAL,-0.07757486100207811,1,0
C29-034,L29,NORMAL,-0.056041109033191094,1,0
C28-096,L28,LATENT_DEFECT,-0.031230368102902417,1,0
C50-015,L50,NORMAL,-0.08397481256506589,1,0
C29-008,L29,NORMAL,-0.10091626318735042,1,0
C48-099,L48,NORMAL,-0.11658449807002164,1,0
C22-054,L22,NORMAL,-0.1008692803915675,1,0
C28-062,L28,NORMAL,-0.1270778469919876,1,0
C39-033,L39,NORMAL,-0.07524546059457055,1,0
C29-060,L29,NORMAL,-0.10392255464283173,1,0
C18-055,L18,NORMAL,-0.12321126658929576,1,0
C27-090,L27,NORMAL,-0.09137829575866702,1,0
C35-068,L35,NORMAL,-0.07714260254196947,1,0
C16-042,L16,NORMAL,-0.13103122175941084,1,0
C04-002,L04,NORMAL,-0.09023368058578746,1,0
C33-061,L33,NORMAL,-0.11062552424484479,1,0
C16-099,L16,NORMAL,-0.12378944064823699,1,0
C50-025,L50,NORMAL,-0.10248422108413063,1,0
C44-100,L44,NORMAL,-0.09259922763830808,1,0
C28-037,L28,OBVIOUS_FAILURE,0.2268268655649377,-1,1
C46-085,L46,NORMAL,-0.11050390050851544,1,0
C24-092,L24,NORMAL,-0.10213653078362561,1,0
C48-032,L48,NORMAL,-0.1074760662077166,1,0
C39-090,L39,NORMAL,-0.07983592233980563,1,0
C27-021,L27,NORMAL,-0.1165879139467334,1,0
C30-054,L30,NORMAL,-0.10780549837953274,1,0
C22-037,L22,OBVIOUS_FAILURE,0.13276102144800683,-1,1
C48-083,L48,NORMAL,-0.12634881146879018,1,0
C28-032,L28,NORMAL,-0.11888342932895496,1,0
C31-099,L31,OBVIOUS_FAILURE,0.14835942501651422,-1,1
C16-064,L16,NORMAL,-0.12429165097994,1,0
C16-084,L16,NORMAL,-0.10122806996369565,1,0
C24-058,L24,NORMAL,-0.10486621283040332,1,0
C08-018,L08,NORMAL,-0.09402752940454778,1,0
C16-049,L16,NORMAL,-0.12470949097309131,1,0
C26-035,L26,NORMAL,-0.103016559974065,1,0
C26-080,L26,NORMAL,-0.07546757924718756,1,0
C17-010,L17,NORMAL,-0.12665965021348363,1,0
C24-083,L24,NORMAL,-0.12033538961111584,1,0
C29-069,L29,NORMAL,-0.0662024093013781,1,0
C19-073,L19,NORMAL,-0.1092733245683864,1,0
C41-076,L41,NORMAL,-0.11977002795523278,1,0
C41-081,L41,NORMAL,-0.10360807996641036,1,0
C25-007,L25,NORMAL,-0.10677906841227447,1,0
C26-001,L26,NORMAL,-0.1049523596732913,1,0
C26-009,L26,NORMAL,-0.1035376709325348,1,0
C47-097,L47,LATENT_DEFECT,0.04006534592313726,-1,1
C35-038,L35,NORMAL,-0.08507472574088037,1,0
C26-097,L26,NORMAL,-0.08864047648735185,1,0
C32-039,L32,NORMAL,-0.10572474779547902,1,0
C27-030,L27,NORMAL,-0.1013083579483477,1,0
C28-064,L28,NORMAL,-0.10115137025395887,1,0
C25-055,L25,NORMAL,-0.04241583759757367,1,0
C50-011,L50,NORMAL,-0.030189005269392444,1,0
C50-034,L50,NORMAL,-0.10263693474430174,1,0
C28-044,L28,NORMAL,-0.10137855503091936,1,0
C21-052,L21,NORMAL,-0.05294529704794987,1,0
C17-096,L17,NORMAL,-0.07797547451844955,1,0
C41-094,L41,NORMAL,-0.12420239889555135,1,0
C45-061,L45,LATENT_DEFECT,0.020091440074895717,-1,1
C27-098,L27,NORMAL,-0.13536312485077429,1,0
C41-005,L41,NORMAL,-0.10390727849786319,1,0
C42-030,L42,NORMAL,-0.09568579257624699,1,0
C41-026,L41,NORMAL,-0.1143223639340415,1,0
C30-020,L30,NORMAL,-0.1334384119309392,1,0
C46-058,L46,NORMAL,-0.09139323426875018,1,0
C48-015,L48,NORMAL,-0.12519976013094547,1,0
C29-023,L29,NORMAL,-0.08572467486260038,1,0
C22-084,L22,NORMAL,-0.0879874177172863,1,0
C40-073,L40,NORMAL,-0.09587622797289447,1,0
C21-060,L21,NORMAL,-0.11284633945301986,1,0
C11-041,L11,NORMAL,-0.08646887864443303,1,0
C47-043,L47,LATENT_DEFECT,0.028910526875284726,-1,1
C28-079,L28,NORMAL,-0.11877448803597496,1,0
C42-097,L42,NORMAL,-0.10219614457543802,1,0
C48-072,L48,NORMAL,-0.12607013027255037,1,0
C40-033,L40,NORMAL,-0.08610100514051866,1,0
C29-058,L29,LATENT_DEFECT,0.04328041297085572,-1,1
C31-024,L31,NORMAL,-0.1329354018773256,1,0
C04-096,L04,NORMAL,-0.13079633632070553,1,0
C21-021,L21,NORMAL,-0.09570825680227257,1,0
C11-064,L11,NORMAL,-0.11316906001233745,1,0
C48-013,L48,NORMAL,-0.09378896651940549,1,0
C42-091,L42,LATENT_DEFECT,0.03208215918374713,-1,1
C18-064,L18,NORMAL,-0.0932849008039896,1,0
C26-085,L26,LATENT_DEFECT,0.028364789080344566,-1,1
C44-040,L44,NORMAL,-0.1315340776998763,1,0
C30-082,L30,NORMAL,-0.10941304787696615,1,0
C21-039,L21,LATENT_DEFECT,0.0674388698138807,-1,1
C06-007,L06,LATENT_DEFECT,-0.008930561041807006,1,0
C08-093,L08,NORMAL,-0.056681711503237864,1,0
C43-043,L43,NORMAL,-0.1169919959274957,1,0
C18-071,L18,NORMAL,-0.09338709196675643,1,0
C08-098,L08,NORMAL,-0.047267033097430966,1,0
C43-015,L43,NORMAL,-0.12455206787849121,1,0
C48-061,L48,NORMAL,-0.11090893533734136,1,0
C47-090,L47,LATENT_DEFECT,0.10191851572802024,-1,1
C21-029,L21,LATENT_DEFECT,0.03317214197265661,-1,1
C41-091,L41,OBVIOUS_FAILURE,0.2578876153956585,-1,1
C26-086,L26,NORMAL,-0.037164992208536696,1,0
C41-061,L41,NORMAL,-0.115965337478039,1,0
C19-061,L19,NORMAL,-0.1359950496556217,1,0
C27-071,L27,NORMAL,-0.13501022010117347,1,0
C42-074,L42,NORMAL,-0.10891640776548095,1,0
C30-096,L30,NORMAL,-0.10971142290182306,1,0
C42-032,L42,NORMAL,-0.07233016528591746,1,0
C33-047,L33,NORMAL,-0.10743920107461408,1,0
C18-005,L18,NORMAL,-0.11743863717034536,1,0
C29-052,L29,NORMAL,-0.1157242719487851,1,0
C39-055,L39,NORMAL,-0.0757542528980844,1,0
C11-003,L11,NORMAL,-0.09711651693725293,1,0
C46-020,L46,NORMAL,-0.12878718196418426,1,0
C46-005,L46,NORMAL,-0.09330905069843992,1,0
C44-078,L44,LATENT_DEFECT,0.009376426744873823,-1,1
C17-080,L17,NORMAL,-0.05793900195073781,1,0
C30-064,L30,NORMAL,-0.131531202446456,1,0
C06-001,L06,NORMAL,-0.09979515766636055,1,0
C33-083,L33,NORMAL,-0.07967771422840686,1,0
C45-100,L45,NORMAL,-0.08737604315833736,1,0
C32-089,L32,NORMAL,-0.06402332905918834,1,0
C45-066,L45,NORMAL,-0.10872094082115191,1,0
C35-079,L35,NORMAL,-0.1082299433262724,1,0
C29-097,L29,NORMAL,-0.07201394549762347,1,0
C08-079,L08,NORMAL,-0.07079081796311099,1,0
C38-037,L38,OBVIOUS_FAILURE,0.2085787733857335,-1,1
C10-019,L10,OBVIOUS_FAILURE,0.255720402071715,-1,1
C28-099,L28,NORMAL,-0.09002221030822305,1,0
C08-092,L08,NORMAL,-0.05758047255519366,1,0
C41-041,L41,NORMAL,-0.09610957667547687,1,0
C27-023,L27,NORMAL,-0.11126627256056776,1,0
C22-063,L22,NORMAL,-0.11446735890001636,1,0
C46-035,L46,NORMAL,-0.10078154749609314,1,0
C26-096,L26,NORMAL,-0.07326178619490326,1,0
C41-096,L41,OBVIOUS_FAILURE,0.1633510605446873,-1,1
C32-028,L32,LATENT_DEFECT,0.03704215422068835,-1,1
C22-053,L22,NORMAL,-0.10962370861474519,1,0
C25-068,L25,NORMAL,-0.09142359671021177,1,0
C40-069,L40,NORMAL,-0.1167964167893632,1,0
C04-065,L04,NORMAL,-0.08947884175630133,1,0
C32-063,L32,NORMAL,-0.12767216163787554,1,0
C22-081,L22,LATENT_DEFECT,0.044130417265593636,-1,1
C46-013,L46,NORMAL,-0.07355696585039972,1,0
C10-093,L10,OBVIOUS_FAILURE,0.12247559150314724,-1,1
C08-080,L08,NORMAL,-0.08058137935315646,1,0
C35-036,L35,LATENT_DEFECT,-0.016904769733695035,1,0
C17-064,L17,NORMAL,-0.09696554011921404,1,0
C35-065,L35,NORMAL,-0.10123465450688762,1,0
C17-092,L17,NORMAL,-0.06718092885989019,1,0
C21-077,L21,LATENT_DEFECT,0.014709812302464598,-1,1
C18-079,L18,NORMAL,-0.0977456449202318,1,0
C08-038,L08,NORMAL,-0.05186117256456152,1,0
C42-068,L42,NORMAL,-0.08500809852329355,1,0
C38-044,L38,NORMAL,-0.10700891051534606,1,0
C21-017,L21,LATENT_DEFECT,0.054513454582539644,-1,1
C24-076,L24,NORMAL,-0.0843012716830524,1,0
C10-056,L10,NORMAL,-0.09166975641667091,1,0
C48-043,L48,NORMAL,-0.11110188389347653,1,0
C18-016,L18,NORMAL,-0.12335805698440189,1,0
C38-018,L38,NORMAL,-0.1212710705256998,1,0
C19-096,L19,NORMAL,-0.10502619793348028,1,0
C31-082,L31,NORMAL,-0.10127164751489565,1,0
C06-002,L06,NORMAL,-0.09480001288200152,1,0
C05-062,L05,NORMAL,-0.10024989012207025,1,0
C27-080,L27,NORMAL,-0.12423998204102216,1,0
C42-078,L42,NORMAL,-0.09588623160154996,1,0
C39-050,L39,NORMAL,-0.10259654844366473,1,0
C17-003,L17,NORMAL,-0.09776247883439293,1,0
C27-001,L27,NORMAL,-0.06994056719934871,1,0
C22-030,L22,NORMAL,-0.08220941076739424,1,0
C41-014,L41,NORMAL,-0.1125314113821087,1,0
C21-022,L21,NORMAL,-0.09387132676485543,1,0
C45-074,L45,NORMAL,-0.08152943051380002,1,0
C27-086,L27,NORMAL,-0.09346476742942672,1,0
C31-056,L31,NORMAL,-0.09412412868456943,1,0
C46-053,L46,NORMAL,-0.0759558127438002,1,0
C35-054,L35,NORMAL,-0.11393174039054849,1,0
C04-035,L04,NORMAL,-0.07786488313856649,1,0
C17-076,L17,NORMAL,-0.09960679858728905,1,0
C40-057,L40,NORMAL,-0.10434506975026808,1,0
C26-079,L26,NORMAL,-0.08811035656071825,1,0
C45-004,L45,NORMAL,-0.12681380421554234,1,0
C25-091,L25,NORMAL,-0.08463090753044505,1,0
C33-040,L33,NORMAL,-0.08324544110218018,1,0
C25-064,L25,NORMAL,-0.07116875437616726,1,0
C44-046,L44,NORMAL,-0.1206057864642246,1,0
C41-013,L41,NORMAL,-0.0925533049311208,1,0
C50-018,L50,NORMAL,-0.07786420049374071,1,0
C43-025,L43,NORMAL,-0.100853773656843,1,0
C32-042,L32,NORMAL,-0.10984179769976138,1,0
C06-042,L06,NORMAL,-0.09179522792340589,1,0
C32-062,L32,NORMAL,-0.12188067453985235,1,0
C38-064,L38,OBVIOUS_FAILURE,0.1583378026168174,-1,1
C16-001,L16,NORMAL,-0.09249190469336277,1,0
C39-036,L39,NORMAL,-0.10580108118416798,1,0
C24-098,L24,NORMAL,-0.09804556666760544,1,0
C35-015,L35,NORMAL,-0.11390165835551891,1,0
C43-089,L43,NORMAL,-0.11687668093007764,1,0
C32-069,L32,NORMAL,-0.10357740670505472,1,0
C16-047,L16,NORMAL,-0.12928746730126567,1,0
C47-003,L47,LATENT_DEFECT,0.0378462864680178,-1,1
C27-029,L27,NORMAL,-0.11795340667881365,1,0
C43-080,L43,NORMAL,-0.11250307617396405,1,0
C24-068,L24,LATENT_DEFECT,-0.001619386044972304,1,0
C30-100,L30,NORMAL,-0.1299528603060312,1,0
C11-063,L11,NORMAL,-0.1243564217820079,1,0
C50-058,L50,NORMAL,-0.10635636598835851,1,0
C42-035,L42,NORMAL,-0.08774219907239778,1,0
C45-006,L45,NORMAL,-0.08000654116465428,1,0
C05-090,L05,NORMAL,-0.04322131915093663,1,0
C30-007,L30,NORMAL,-0.117450973284426,1,0
C19-076,L19,NORMAL,-0.12550634115225268,1,0
C42-048,L42,NORMAL,-0.09474702372210314,1,0
C32-048,L32,NORMAL,-0.13706706721871298,1,0
C40-059,L40,NORMAL,-0.12234621756967162,1,0
C21-083,L21,NORMAL,-0.09630322972121569,1,0
C10-075,L10,NORMAL,-0.10572840836441294,1,0
C44-005,L44,NORMAL,-0.13091141099923065,1,0
C17-048,L17,NORMAL,-0.12672417650281365,1,0
C38-001,L38,OBVIOUS_FAILURE,0.2312826437803588,-1,1
C04-022,L04,NORMAL,-0.07866015172741275,1,0
C48-086,L48,NORMAL,-0.08587873544447938,1,0
C10-060,L10,NORMAL,-0.10296348432451391,1,0
C22-085,L22,NORMAL,-0.05769939340559138,1,0
C38-025,L38,NORMAL,-0.13200523331025354,1,0
C19-056,L19,NORMAL,-0.12114432127512931,1,0
C24-016,L24,NORMAL,-0.11691122891965783,1,0
C39-034,L39,NORMAL,-0.06528441871240348,1,0
C43-054,L43,NORMAL,-0.11935324555652616,1,0
C27-016,L27,NORMAL,-0.12656403352982137,1,0
C38-092,L38,NORMAL,-0.105376971256189,1,0
C17-070,L17,NORMAL,-0.10910650143177852,1,0
C48-081,L48,NORMAL,-0.10834502481495539,1,0
C28-086,L28,NORMAL,-0.11247021242511646,1,0
C05-031,L05,NORMAL,-0.09525944969885147,1,0
C44-020,L44,NORMAL,-0.11766021904568202,1,0
C46-072,L46,NORMAL,-0.09072908553570119,1,0
C50-045,L50,NORMAL,-0.08793991354020647,1,0
C33-036,L33,NORMAL,-0.09056656679802177,1,0
C26-083,L26,NORMAL,-0.07660888379367009,1,0
C08-031,L08,NORMAL,-0.029877189837583806,1,0
C24-039,L24,NORMAL,-0.11201310421580574,1,0
C10-067,L10,NORMAL,-0.13050356197710616,1,0
C33-070,L33,NORMAL,-0.10736112751992011,1,0
C28-039,L28,NORMAL,-0.1050216896415343,1,0
C45-093,L45,NORMAL,-0.09335828103335314,1,0
C21-096,L21,NORMAL,-0.09091819356698344,1,0
C22-031,L22,NORMAL,-0.10663465240141945,1,0
C24-095,L24,NORMAL,-0.09773013648542522,1,0
C18-061,L18,NORMAL,-0.12575263969504502,1,0
C46-075,L46,NORMAL,-0.060319718125840305,1,0
